date,title,keyword,topic_no,topic_dist
2022-08-23,교육 교통 뛰어난 랜드마크 ‘청약 불패’이어가는 대단지,"교육,교통,랜드마크,청약,불패,대단지,가구,안팎,수요,폭발,커뮤니티,주거,환경,탁월,내달,분양,대기,신규,주택,분양,시장,단지,아파트,인기,1000가구,대단지,육박,가구,분양,단지들,규모,만큼,편의시설,조성,아파트,단지,각종,시설,단지,랜드마크,주거,인프라,만큼,교통,교육시설,환경,핵심,주거,마련,분양,아파트,시설,각종,커뮤니티,수요자들,관심,한국부동산원,청약,자료,부동산,시장,미분양,와중,1년,수도권,수도,분양,단지들,가구,안팎,아파트,단지,청약,경쟁,건설사,브랜드,아파트,이름값,GS건설,인천,공급,송도자,스타,1533가구,2만,신청,15.7대,경쟁률,기록,대우건설,운정,경기,파주시,도시,푸르지오,파르세나,753가구,2만,신청,경쟁률,36.4대,현대건설,용인시,공급,힐스테이트,몬테로이,3블록,2107가구,대상,3만,신청,15.1대,경쟁률,건설,시행사들,여름,비수기,사이,전국,단지,주거,분양,수도권,DL건설,화양지구,경기,평택시,화양,지구,라씨엘,평택,1블록,하이센트,평택,공급,1063가구,916가구,가구,브랜드,타운,형성,의왕시,GS건설,SK에코플랜트,2633가구,인덕원자,아파트,SK,VIEW,일반,분양,물량,899가구,대규모,효성중공업,경기,안성시,분양,진사,해링턴,플레이스,1000가구,육박,진사,해링턴,플레이스,992가구,효성중공업,안성,평택,공급,단지,6442가구,타운,해링턴,브랜드,완성,지방,대우건설,용강지구,전남,광양시,용강,지구,992가구,구성,광양,센터파크,분양,예정,가구,4베,구조,남향,위주,배치,라씨엘로,한세상,평택,엘로,DL건설,경기,평택시,화양,지구,일대,라씨엘,평택,1블록,조감도,하이센트,평택,4블록,공급,라씨엘,평택,지하,지상,전용면적,59,1063가구,하이센트,평택,지하,지상,74,전용,면적,916가구,구성,단지,가구,규모,브랜드,타운,조성,DL건설,단지,한세상,브랜드,상품성,남향,위주,배치,햇빛,바람,설계,가구,Bay,구조,개방감,수납공간,마련,제어,스마트,공기,제어,스마트,클린,케어,솔루션,적용,예정,골프연습장,스크린골프룸,피트니스센터,GX룸,라운지카페,다목적홀,비즈니스룸,실내놀이터,업무,문화생활,커뮤니티시설,마련,라씨엘로,평택,하이센트,입지,민간주,규모,도시,기준,최대,화양지구,신도시급,조성,화양지구,상업,교육,녹지,문화,시설,체계적,지구,도서관,실내체육시설,포함,복합,공공,청사,안중출장소,3만,부지,면적,규모,2025년,건립,예정,지하,지상,12층,규모,병실,과목,진료,포함,종합병원,개원,건립,추진,숙원사업,인근,평택시,숙원,평택호,관광단지,급물살,공세권,GTX-C,사통팔달,인덕원자,SK,VIEW,GS건설,SK에코플랜트,경기,의왕시,2600가구,인덕원자,아파트,SK,VIEW,조감도,단지,평촌,도시,인접,편의시설,교육,시설,이용,편리,GS건설,설명,입주,예정,상반기,GS,건설,인덕원자,SK,VIEW,지하,지상,최고,20개,2633가구,아파트,전용,899가구,일반,분양,물량,17가구,366가구,191가구,173가구,90가구,62가구,소형,대형,면적,구성,일반,분양,물량,60%,전용면적,574가구,소형아파트,구성,인덕원자,SK,VIEW,외관,디자인,주차장,지하,배치,지상,공간,녹지,휴식공간,테마정원,어린이놀이터,마련,커뮤니티,시설,피트니스센터,GX룸,골프연습장,사우,회의실,조성,전자책,도서관,스마트,패스,조명,LED,고기밀,단열,창호,에너지,절감,입주민,편의,시설,인덕원자,SK,VIEW,모락산,자락,위치,공세권,인근,공원,자리,숲세권,환경,백운공원,인덕공원,약수공원,산책,공원,평촌,도시,쇼핑시설,은행,병원,대형마트,생활편의시설,이용,계획,수도,광역,급행,철도,GTX-C,노선,인덕원역,포함,서울,강남,접근성,예정,GS건설,녹지공간,신주거타운,광양,센터파크,대우건설,전남,광양시,광양읍,용강리,일대,광양,센터파크,조감도,분양,예정,광양,센터파크,지하,지상,29층,10개,전용면적,992가구,공급,146가구,223가구,479가구,144가구,선호도,평형,구성,대우건설,설명,대우건설,센터파크,광양,푸르지오,서광양,중심지,신흥,주거,용강지구,아파트,번째,브랜드,관심,광양,지난달,국토,교통부,개최,주거,정책,심의,위원회,결과,조정대상지역,해제,각종,규제,완화,청약,통장,가입,6개월,19세,충족,세대주,세대원,자격,유주택자,청약,가능,전매제한,계약,분양,전매,중도금,60%,대출,가능,주택담보대출,LTV,최대,70%,적용,용강,지구,일대,센터파크,광양,푸르지오,4100가구,공급,계획,인근,목성,지구,계획,가구,일대,1만,가구,주거,타운,형성,센터파크,광양,푸르지오,아이,주거환경,조성,남쪽,마로산,봉화산,구봉산,다수,녹지공간,인근,산업,단지,미세먼지,교육환경,우수,용강초,용강중,도보권,위치,광양중,광양여중,광양고,인접,원스톱,교육,환경,조경,특화,단지,클래스원,검단,우미린,우미건설,검단,도시,우미린,클래스원,조감도,분양,우미건설,검단,도시,우미린,클래스원,검단,인천,서구,도시,택지개발지구,AB17블록,검단,도시,3단계,지하,지상,875가구,조성,검단,도시,우미린,클래스원,가구,전용면적,단일주택형,465가구,213가구,197가구,구성,검단,도시,우미린,클래스원,남향,위주,배치,판상,Bay,위주,설계,채광,통풍,주차장,100%,지하,배치,지상,공간,조경,특화,마련,안전,단지,커뮤니티,시설,피트니스센터,실내체육관,하프코트,실내골프연습장,운동시설,카페,Lynn,남녀구분독서실,교통여건,개통,예정,인천지하철,검단연장선,공사,예정,역사,신설,도보,이용,조건,역세,입지,수도권,제1순환,고속도,인천국제공항고속도로,이용,서울,수도권,출입,편리,올림픽대로,원당,태리,광역도로,공사,공항고속도로,연결,검단,경명,도로,예정,광역,교통망,확충,차량,접근,전망,우미건설,설명,교육환경,도보,거리,유치원,고교,예정부지,위치,원스톱,교육,환경,단지,인접,금정산,근린공원,예정,자연환경,적용,프리미엄,강건재,군산프리미엘,포스코건설,전북,군산시,더샵,군산프리미엘,조감도,분양,예정,군산프리미엘,군산시,구암동,4번지,일대,지하,지상,6개,최고,109,전용,면적,가구,규모,조성,예정,228가구,170가구,96가구,210가구,선호도,대형,타입,구성,포스코건설,군산프리미엘,구암동,일대,경암동,일대,구암지구,건설사,진출,주거개발,군산프리미엘,분양,시작,가구,공동주택,예정,구암지구,조촌동,디오션시티,가구,1만,가구,주거타운,형성,예정,교통환경,반경,300m,버스정류장,7곳,시외버스터미널,군산역,장항선,군산,IC,인접,광역교통망,우수,주변,이마트,롯데몰,편의,시설,자리,디오션시티,형성,롯데몰,군산점,금강도서관,인프라시설,공유,브랜드,차별화,설계,적용,외관,군산,포스코,프리미엄,강건재,이용,측벽,패널,포스맥,PosMAC,스틸아트월,LED,경관,조명,적용,공용욕실,가족,구성원,케어룸,선택,유상,부부욕실,파우더룸,부부욕실,파우더,머리,화장,입주민들,주거,편의,시설,전기차,충전,시설,포스코건설,전기차,충전,과금,콘센트,주차장,기둥,추가,설치,스타필드,안성,교육,중심지,진사,해링턴,플레이스,효성중공업,진사리,경기,안성시,공도읍,해링턴,브랜드,타운,완성,마지막,퍼즐,진사,해링턴,플레이스,조감도,분양,23일,효성중공업,안성,평택,단지,성공리,공급,평택,센트럴,해링턴,플레이스,1058가구,시작,2단지,2단지,평택,효성해링턴,플레이스,단지,3240가구,평택,소사벌,효성해링턴,코트,447가구,효성해링턴,플레이스,안성,공도,705가구,5450가구,진사,해링턴,플레이스,992가구,분양,가구,규모,타운,해링턴,브랜드,마무리,분양,진사,해링턴,플레이스,지하,지상,최고,12개,블록,전용면적,992가구,1블록,355가구,가구,규모,대단지,조성,1블록,전용면적,92가구,105가구,121가구,37가구,공급,2블록,전용면적,161가구,293가구,148가구,35가구,효성중공업,단지,공도읍,안성,평택,입지,생활권,소사,인근,평택,용죽,현촌,용이지구,주거지,조성,인프라,확충,생활인프라,영어,특화,교육,프로그램,운영,양진초교,통학,양진중,용죽,지구,학원가,진사시립도서관,우수,교육,여건,경기,남부,최대,복합,쇼핑몰,스타필드,안성,이마트,트레이더스,마트킹,생활,편의,시설,이용,주변,규모,공원,조성,예정,평택,검단,해링턴,전용면적,대규모,대단지,광양,도서관,군산프리미엘,수도권,조감도,대우건설,안성,푸르지오,전기차",1,0.9601912490035673
2022-04-27,[돈되는 분양] 분양시장 봄바람 솔솔~ 알짜 분양 쏟아진다,"분양,시장,봄바람,알짜,분양,봄기운,전국,수요자들,분양,서울,분양,예고,단지들,지연,공급,브랜드,아파트,관심,오피스텔,알짜,수익,상품,분양,예고,투자자들,관심,전망,서울,포레나,빌리브,브랜드,분양,분양업계,한화건설,서울,강북구,공급,한화,포레,미아,정당계약,2일,7일,체결,계약금,공급가액,10%,책정,부담,초기,자금,9억,대출,중도금,40%,가능,9억,초과,타입,시행,위탁자,알선,9억,이하분,40%,9억,초과분,20%,대출,KB부동산신탁,시공,신세계건설,위탁,월송홀딩스,서울,마포구,주상복합,빌리브,에이블,빌리브,분양,사업장,전용,38~49,299가구,도시,생활,주택,가구,임대,포함,오피스텔,구성,지하철,신촌역,이용,인천,검단,도시,금강주택,검단역,금강,펜테리움,시글,2차,계약,체결,내달,사업장,인천지하철,신설역,예정,이용,주변,검단,도시,역세,추진,포스코건설,내달,더샵,리듬시티,청약,당첨자,16일,20일,정당계약,진행,사업장,경기,의정부시,위치,리듬시티,분양,단지,유일,민간,분양,단지,DL이앤씨,지축지구,다음달,경기,고양,덕양구,지축,지구,센텀가든,지축,센텀,가든,공급,예정,전용,단일,주택,가구,규모,단지,3호,지축역,이용,인접,연신내역,GTX-A,노선,예정,후분양,사업장,입주,시작,분양가상한제,적용,분양가,합리적,수준,책정,예상,양주,경기,양주,도시,옥정지구,현대건설,파티오포레,블록,단독,주택,힐스테이트,양주옥정,전용,809가구,아파트,볼법,구역,6개,커뮤니티,시설,마련,예정,SK에코플랜트,내달,부산,해운대구,공급,센텀,아스트룸,SK,VIEW,청약,반여,2구역,단지,74,전용,750가구,544가구,일반,분양,계룡건설,컨소시엄,대전,동구,천동,구역,주거,환경,개선,리더스시티,전용,59~84,2135가구,분양,공급,리더스시티,물량,후속,분양,가구,규모,대단지,미니,도시,형성,예정,계룡건설,대전,대덕구,엘리프,송촌,파크,분양,전용,84~112,가구,규모,인근,용전근린공원,조성,예정,수요,충주,아산,지방,활발,아파트,공급,지방,중소,도시,유망,단지,포진,대우건설,충주,기업,도시,서충주,퍼스트,공급,아파트,74~124,1029가구,주거,오피스텔,140실,가구,규모,전국,청약,가능,아파트,내달,1순위,오피스텔,청약,KCC건설,벨코어,내달,아산,스위첸,계약,체결,단지,충남,아산시,조성,삼성,디스플레이,시티,기업,투자,미래가치,분양,전매,가능,우미건설,서산테크노밸리,충남,서산,우미린,서산,테크노밸리,공급,79,전용,가구,규모,사업장,8년,거주,보장,임대아파트,후분양,민간,임대,아파트,서산,각종,생활,시설,이용,두산에너빌리티,두산중공업,조례동,전남,순천시,트리마제,순천,분양,전용,84~264,2019가구,1단지,1314가구,2단지,705가구,규모,주변,봉화산,웅방산,조례호수공원,자연환경,NC백화점,킴스클럽,홈플러스,근로복지공단,순천병원,생활편의시설,한양,순천,조례동,조례,한양,수자,디에디션,101,가구,규모,인접,순천IC,동순천IC,남해고속도로,순천완주고속도로,진출입,경북,포항,현대건설,환호공원,힐스테이트,환호,공원,공급,전용,가구,규모,포항,최대,규모,환호,공원,단지,공원,조망,가능,가구,동해,조망,현대건설,경북,경주,황성동,일대,황성,힐스테이트,분양,계획,경주,아파트,힐스테이트,브랜드,가구,전용,단일,주택,구성,두산건설,울진,다음달,경북,두산위브,울진역,센트럴,분양,예정,전용,59~132,가구,규모,개통,동해선,울진,이용,울진역,주변,역세권,역세,추진,수혜,온의동,강원,춘천시,삼부르네상스,다음달,춘천,테라스,공급,예정,전용,84~140,가구,규모,남춘천역,중심,생활,인프라,제주,서귀포,대우건설,제주,브랜드,단지,제주,퍼스트,이달,공급,계획,전용,84~168,가구,규모,제주공항,중문관광단지,입지,핵심,수익,부동산,공급,눈길,주거,오피스텔,오피스,투자,가치,수익,부동산,관심,예상,권선구,경기,수원,DL이앤씨,고색,주거,오피스텔,시티,공급,예정,규모,호실,전용,구성,수인분당선,고색역,1호,KTX,예정,정차,수원역,인접,수원덕산병원,예정,만안구,경기,안양,한양,안양,리버뷰,오피스텔,계획,전용,규모,빌트인,냉장,냉동고,세탁기,건조기,에어컨,쿡톱,하이브리드,풀퍼니시드,일부제외,서울,강남구,아티드,하이엔드,주거,상품,ATID,분양,전용,오피스텔,도시형,생활주택,56가구,구성,디디티,시행,동탄,디웨이브,화성,동탄,신도시,중심,공급,전용,29~95,규모,사업장,소형,타입,80%,차지,80%,경기,시흥,다음달,은성산업,은성건설,시공,웰플렉스,시흥,씨앤펄,공급,예정,복합업무시설,오피스,35~56,오피스텔,전용,35~56,48호실,상업시설,구성,부산,국제,금융,혁신,도시,지식,산업,센터,BIFC,공급,연면적,오피스,지식산업센터,지원시설,시공,대우건설,다음달,사업장,힐스테이트,서울,9억,경북,서산,순천,부산,빌리브,리더스시티,부동산,울진역,현대건설,제주,충주,안양,센텀",1,0.9592327394390833
2022-04-05,"""[돈되는 분양] """"놓치면 땅치고 후회"""" 움츠렸던 분양, 전국에서 '활짝'""","후회,분양,전국,분양,성수기,전국,아파트,오피스텔,오피스,기대감,규제,완화,부동산,시장,입지,차별화,상품,만큼,관심,전망,부동산업,우미건설,비봉지구,경기,화성,비봉,지구,우미린,화성,비봉,지구,청약,진행,가구,규모,가구,실수요자,선호도,전용면적,조성,수도권,청약,당첨,가능,서해안고속도로,비봉,IC,화성로,이동,인천,KTX,예정,우수,광역,교통망,전망,대우건설,충북,충주,기업,도시,서충주,퍼스트,분양,예정,아파트,전용,74~124,1029가구,주거,오피스텔,전용,140실,가구,기업도시,전국구,청약,충주,충주,거주자,청약,당첨,KCC건설,충남,아산,스위첸,아산,벨코어,공급,아파트,전용,299가구,오피스텔,전용,20실,조성,단지,조망,유리,난간대,적용,극대화,개방감,제공,예정,DL이앤씨,경기,고양,덕양구,지축,지구,5블록,센텀가든,지축,센텀,가든,공급,전용,가구,규모,전용,구성,공공택지지구,분양,만큼,분양가상한제,적용,포스코건설,리듬시티,의정부,더샵,리듬시티,84,전용,가구,규모,리듬시티,분양,단지,유일,민간,분양,단지,송산,고산역,의정부,경전철,교통망,편리,이용,계룡건설,컨소시엄,주거환경개선사업,대전,동구,천동,구역,주거,환경,개선,리더스시티,분양,전용,59~84,가구,규모,조성,공급,리더스시티,단지,후속,분양,4BL,BL,대단지,가구,규모,미니,도시,형성,계룡건설,송촌동,대전,대덕구,엘리프,송촌,파크,분양,전용,84~112,799가구,조성,용전근린공원,조성예정,자리,단지,대전,공원,숲세,아파트,금강주택,검단,인천,서구,도시,검단역,금강,펜테리움,시글,2차,분양,아파트,전용,483가구,오피스텔,전용,64실,547가구,특별,공급,시작,청약,대우건설,울산,남구,신정동,일원,주상,복합,아파트,문수,어반피스,분양,특별,공급,시작,12일,청약,기타,사송지구,경남,양산시,사송,지구,우미린,양산,사송,지구,견본주택,분양,가구,규모,101,전용,위주,구성,특별공급,이달,특별,공급,시작,청약,당첨자,12일,건설,인천,검단,도시,민간아파트,최대,규모,2차,제일풍경채,검단,사이버,모델,하우스,본격적,분양,일정,돌입,전용,74~110,가구,규모,특별,공급,시작,청약,진행,우성종합건설,일광,부산,기장군,도시,우성,라파드,테라스,전용,도시,생활,주택,가구,규모,근린,생활,시설,조성,일광산,일광해수욕장,위치,우수,자연환경,자랑,KB부동산신탁,주상복합,빌리브,에이블,빌리브,견본주택,오픈,본격적,분양일정,돌입,단지,일대,서울시,마포구,전용,38~49,도시형,생활주택,299가구,임대,포함,규모,오피스텔,조성,동광건설,강원,원주,태장동,일원,레이크포레,민간,임대,아파트,원주,동광뷰웰,이달,공급,단지,전용,가구,규모,위주,가구,남향,배치,지상,공원,아파트,조성,현대건설,양주,이달,경기,도시,옥정,지구,B10블록,파티오포레,힐스테이트,양주옥정,공급,단지,전용,809가구,대지,면적,블록,단독,주택,수익,부동산,시선,DL이앤씨,일원,수원,권선구,고색동,고색,주거,오피스텔,시티,예정,전용,규모,수인분당선,고색역,1호,KTX,수원역,근거리,자리,수원덕산병원,예정,서비스,고급,의료,한양,이달,경기도,안양시,만안구,안양동,일대,한양수자,오피스텔,안양,리버뷰,공급,예정,단지,지하,지상,19층,2개,전용,조성,타입,규모,일대,이달,경기,시흥,정왕동,은성산업,은성건설,시공,웰플렉스,시흥,씨앤펄,공급,복합업무시설,연면적,지상,1개,오피스,35~56,오피스텔,전용,35~56,48실,근린생활시설,판매시설,운동시설,구성,디디티,시행,동탄,디웨이브,지하,지상,전용,29~95,규모,동탄2,신도시,중심지역,면적,구성,특화,설계,적용,오피스,소형,타입,80%,차지,기업,사옥,적합,르웨스트,웍스,분양,복합,마곡,MICE,CP2블록,144실,조성,부산,국제,금융,혁신,도시,대우건설,시공,BIFC,공급,지하,지상,14만,연면적,규모,오피스,지식산업센터,지원시설,하이엔드,주거,시설,공급,삼성로,서울,강남구,아티드,ATID,분양,아티드,갤러리,오드,메종,ODE,Masion,운영,리더스시티,부동산,부산,인천,의정부,대우건설,검단,충주,리듬시티,시흥,특별공급,1개,화성,서해안고속도로",1,0.9589686121432609
2022-05-11,"[돈되는 분양] 지방선거 전 전국 알짜 공급 봇물, 사두면 돈되는 알짜 단지 어디?","지방선거,알짜,상반기,기간,기간,분양,단지,전국,아파트,분양,오피스텔,상업시설,알짜,수익,상품,투자자들,시선,권선구,경기,수원,DL이앤씨,고색,주거,오피스텔,시티,공급,예정,규모,호실,전용,면적,전용면적,구성,인근,수인분당선,고색역,자리,1호,KTX,예정,정차,수원역,이동,인접,편리,용지,수원덕산병원,예정,권선행정타운,도보,이용,가능,DL이앤씨,고양,지축,지구,5블록,센텀가든,지축,센텀,가든,분양,계획,가구,규모,세대,분양가상한제,적용,시공,분양,단지,입주,가능,SM경남기업,양주,북한산뷰,장흥역,경남아너스빌,북한산,공급,예정,단일,면적,가구,규모,조성,북한산,개명산,석현천,공릉천,인접,개통,예정,초역세권,교외선,장흥역,초역,세권,위치,인공지능,AI,인공,지능,설치,입주민들,윤택,예정,서산테크노밸리,충남,서산,우미린,서산,테크노밸리,예정,공급,59,551가구,서산,조성,서산,테크노밸리,위치,주거,환경,인근,오토밸리일반산업단지,서산인더스밸리일반산업단지,이동,편리,현대건설,북구,경북,포항시,힐스테이트,환호,공원,분양,2994가구,포항,최대,규모,환호,공원,단지,공원,조망,가능,가구,동해,조망,가능,두산건설,울진군,경북,두산위브,울진역,센트럴,분양,예정,59~132,393가구,울진군,역대,최대,규모,건설사,브랜드,아파트,커뮤니티,시설,헬스존,컬처존,케어존,구역,구성,조경시설,조성,현대건설,일대,경북,경주시,황성동,힐스테이트,황성,분양,예정,세대,608가구,구성,경주시,아파트,힐스테이트,브랜드,경주,대표,황성동,조성,주거,여건,우수,전남,순천시,조례동,일원,한양,조례,한양,수자,디에디션,공급,예정,101,가구,규모,커뮤니티,면적,법정,기준,3배,구성,가구급,단지,비견,정도,순천,시어터룸,마련,파티룸,오픈키친,조성,두산에너빌리티,순천,트리마제,분양,2019가구,대단지,봉화산,웅방산,자연환경,NC백화점,킴스클럽,생활,인프라,이용,오피스텔,공급,롯데건설,장현지구,이달,시흥,장현,지구,시흥시청역,공급,예정,42~76,규모,주거,오피스텔,서해선,시흥시청역,도보,이용,역세권,자리,추가,시흥시청역,신안산선,2024년,예정,월판선,2026년,예정,예정,역세권,트리플,환승,역세,전망,한양,일대,경기도,안양시,만안구,안양동,한양수자,오피스텔,안양,리버뷰,공급,전용,규모,조성,전용,크기,아파트,수준,공간,설계,빌트인,냉장,냉동고,세탁기,건조기,시스템에어컨,쿡톱,하이브리드,무상,제공,대전,유성구,현대건설,주거,오피스텔,힐스테이트,유성,예정,규모,호실,1호,대전,지하철,유성온천역,인근,산책로,자전거도로,조성,갑천,인접,주거,환경,자랑,단독주택,눈길,현대건설,양주,경기도,도시,옥정,지구,B10블록,파티오포레,블록,단독,주택,힐스테이트,양주옥정,단독주택,아파트,장점,결합,가구,규모,블록,단독,주택,가구,전용,타입,구성,수익,부동산,분양,한양,동대문구,서울,청량리역,아트포레스트,분양,입주,한양수자,주상,복합,청량리역,한양,수자,그라시엘,219실,상업,시설,주상,복합,스카이라인,형성,청량리,메인,상권,답십리로,답십리로,왕복,왕복,확장,예정,대로변,상권,서울,강남구,삼성로,일원,아티드,하이엔드,주거,시설,ATID,분양,오피스텔,도시형,생활주택,56가구,구성,뉴욕현대미술관,MoMA,공간,디자인,이코,밀리오레,Ico,Migliore,LP,SCAPE,박경,대표,엘세드지,de,강정선,대표,조은숙아트앤라이프스타일,조은숙,대표,분야,최고,수준,전문가,참여,완성도,계획,동탄2,신도시,디디티,시행,동탄,디웨이브,공급,예정,업무,휴식,공존,오피스,29~95,규모,면적,구성,업무,휴식,특화,설계,적용,업무,시설,최중심,경기,서부,일대,시흥시,정왕동,은성산업,은성건설,시공,웰플렉스,시흥,씨앤펄,공급,예정,오피스,오피스텔,상업시설,구성,복합업무시설,동시,분양,서해,위치,수변,조망,가능,특징,KB부동산신탁,강원도,춘천시,온의동,일원,KB,부동산,신탁,수탁,시행,봄내산업개발,위탁,시행,더테라스,춘천,삼부르네상스,분양,예정,시공,삼부토건,84~140,가구,규모,타입,차별,서비스,면적,제공,출입구,가구,독립,마련,편의성,힐스테이트,한양,경북,시흥시청역,서산,현대건설,장흥역,시흥,서울,단독주택,경기도,한양수자,청량리역,부동산",1,0.9581224554150212
2022-06-02,[돈되는 분양] 분양시장 여름 비수기는 옛말 6월부터 분양 봇물,"비수기,분양,시장,여름,옛말,분양,봇물,전국,소식,아파트,분양,더위,청약,열기,오피스텔,생활숙박시설,오피스,공급,수익,상품,투자자,시선,계획,건설업,SM경남기업,양주,경기,북한산뷰,장흥역,경남아너스빌,북한산,분양,예정,741가구,일영지구,B4블록,B5블록,대단지,공급,가구,전용,단일면적,예정,개통,초역세권,교외선,장흥역,초역,세권,위치,GTX,수혜,단지,지방광역시,충청권,건설사,브랜드,아파트,눈길,GS건설,수성구,대구,아파트,분양,아파트,주거,오피스텔,구성,주상복합아파트,아파트,가구,52실,주거,오피스텔,가구,규모,대구지하철,범어역,KTX,SRT,고속버스터미널,자리,동대구역,복합,환승,센터,동대구,IC,이용,편리,SK에코플랜트,GS건설,합작,충북,청주,흥덕구,VIEW,브랜드,아파트,자이,청주,SK,분양,봉명,주공,아파트,1745가구,1097가구,일반분양,맞은편,청주일반산업단지,위치,SK하이닉스,LG화학,3만,근로자,직주근접단지,롯데건설,충남,천안,서북구,천안,롯데캐슬,천안,롯데캐슬,두정,584가구,지하철,두정역,도보,이용,신세계백화점,롯데마트,천안,종합,터미널,상권,두정역,상권,이용,편리,천안희망초,자리,초품아,초등학교,아파트,교육,환경,단지,흥행,후속,분양,관심거리,대우건설,충북,음성,기업,복합,도시,음성,센터피크,분양,계획,가구,규모,음성,기업,복합,도시,입지,B2블록,위치,전국,청약,접수,가능,공공택지,만큼,분양가상한제,적용,합리적,분양가,공급,예정,포스코건설,거창,경남,거창포르시엘,분양,지하,지상,20층,6개,전용,84~158,가구,규모,조성,선호도,중형,타입,타입,구성,비규제지역,청약,문턱,규제,각종,부동산,적용,한화건설,충남,아산,랜드마크,한화,포레,천안아산역,분양,천안아산역,KTX,아산역,1호,위치,KTX,이용,서울역,40분,SRT,이용,수서역,30분,접근,가능,서울,접근,최고,압도,상징,스카이라운지,특급,호텔,커뮤니티,장점,DL이앤씨,이달,경기,수원,권선구,고색,주거,오피스텔,시티,공급,구조,호실,설계,소형,아파트,생활,공간,부지,수원덕산병원,예정,의료,서비스,편리,장현지구,경기,시흥,장현,지구,롯데건설,시공,주거,오피스텔,시흥시청역,루미니,351실,공급,예정,서해선,시흥시청역,도보권,위치,추가,신안산선,공사중,월판선,공사중,정차,예정,역세권,트리플,환승,역세,시흥시청역,인근,버스터미널,주차장,상가,구성,복합,환승,센터,조성,가치,상승,만안구,경기,안양,한양,안양천,안양,리버뷰,공급,분양,일정,당첨자,정당,계약,진행,현대건설,유성구,대전,주거,오피스텔,힐스테이트,유성,473실,분양,예정,1호,대전,지하철,유성온천역,갑천역,위치,인근,편의시설,위치,산책로,자전거,도로,조성,갑천근린공원,인접,주거환경,경기,시흥시,은성산업,은성건설,시공,복합,업무,시설,시흥,씨앤펄,웰플렉스,공급,예정,주거,적합,오피스텔,오피스,근린생활시설,조성,단지,서해바다,위치,프리미엄,만큼,수변,과천지식정보타운,현대엔지니어링,오피스텔,섹션오피스,상업시설,결합,주거복합,디센트,힐스테이트,과천,2차,분양,예정,오피스텔,규모,조성,오피스,298실,상업,99실,구성,지하철,과천지식정보타운역,가칭,개통,예정,자리,역세,입지,조성,과천,지식,정보,타운,중심,상업,지구,주거환경,배후수요,청주,과천,안양,장흥역,시흥,시흥시청역,충남,만큼,천안,ktx,충북,힐스테이트,당첨자,호실",1,0.9563724115064557
2022-05-26,[돈되는 분양] 분양 시장 '큰 장' 개막 알짜 분양 선점할 기회,"분양,시장,개막,알짜,분양,선점,기회,이달,전국,청약,열기,전망,주거,오피스텔,상업시설,오피스,상품,알짜,수익,투자,수요,집중,고양,양주,블록,단독,주택,눈길,DL이앤씨,B-,경기,고양,지축,지구,블록,센텀가든,지축,센텀,가든,분양,예정,전용면적,가구,규모,세대,전용,구성,공공택지지구,분양가상한제,적용,단지,SM경남기업,경기,양주,장흥면,일원,북한산뷰,장흥역,경남아너스빌,북한산,이달,분양,예정,전용,단일면적,가구,규모,조성,1차,B5블럭,2차,B4블럭,예정,분양,양주,양주,도시,옥정,지구,B10,블록,현대건설,시공,파티오포레,블록,단독,주택,힐스테이트,양주옥정,분양,전용,809가구,대지,면적,규모,조성,지방광역시,중소도시,브랜드,아파트,GS건설,수성구,대구,아파트,범어자이,분양,예정,가구,규모,아파트,주거,오피스텔,구성,주상복합아파트,아파트,84~114,399가구,주거,오피스텔,52실,구성,울산,울주군,DL건설,서울산,파크그란데,분양,예정,68~114,가구,규모,강원,춘천,KB부동산신탁,수탁,시행,봄내산업개발,위탁,시행,더테라스,춘천,삼부르네상스,분양,예정,시공,삼부토건,84~140,가구,규모,가구,테라스,복층,설계,적용,블록,충남,서산,서산테크노밸리,A3a,우미린,민간,임대,아파트,서산,테크노밸리,공급,59,551가구,구성,롯데건설,서북구,충남,천안,천안,롯데캐슬,두정,공급,지하,지상,29층,6개,59~119,규모,공동,주택,가구,조성,천안시,동남구,천안,롯데캐슬,청당,예정,지하,지상,29층,11개,규모,공동,주택,가구,아파트,대우건설,충북,음성군,음성,기업,복합,도시,블록,음성,센터피크,분양,110,전용,가구,규모,음성군,진천군,일대,최고,단지,전국,청약,접수,가능,분양가상한제,적용,합리적,가격,공급,예정,청주,흥덕구,봉명동,일원,SK에코플랜트,재건축,봉명,주공,아파트,자이,청주,SK,분양,예정,1745가구,조성,전용,면적,59~101,1097가구,일반,분양,맞은편,청주일반산업단지,자리,직주,근접,단지,포스코건설,거창,경남,거창포르시엘,분양,계획,전용,84~158,가구,규모,조성,타입,1순위,마감,거창포르시엘,후속,단지,현대건설,북구,경북,포항,힐스테이트,환호,공원,분양,전용,가구,규모,경북,경주,대표,주거지,일대,구도심,황성동,힐스테이트,황성,분양,가구,규모,가구,전용,단일,면적,구성,일원에두산건설,울진,울진읍,두산위브,울진역,센트럴,분양,전용,59~132,가구,규모,울진군,최대,규모,브랜드,아파트,일원,순천,조례동,한양,조례,한양,수자,디에디션,분양,125,전용,가구,규모,두산에너빌리티,두산중공업,순천,조례동,트리마제,순천,분양,84~264,2019가구,1단지,1314가구,가구,규모,청량리,수원,미래,가치,알짜,수익형,한양,서울,동대문구,용두동,일원,상업,시설,청량리역,아트포레스트,분양,스카이라인,주상,복합,스카이,라인,형성,동시,메인,상권,답십리로,일원,강남구,삼성로,상품,하이엔드,주거,아티드,ATID,공급,지하,지상,15층,지하,12층,규모,타워,전용,오피스텔,도시형,생활주택,56세대,구성,수원,권선구,DL이앤씨,고색,주거,오피스텔,시티,공급,예정,규모,호실,구성,시흥,장현,지구,롯데건설,시공,시흥시청역,루미니,공급,예정,전용,42~76,규모,개통,서해선,시흥시청역,도보권,자리,공사,안산선,월판선,개통,예정,일대,시흥,정왕동,은성산업,은성건설,시공,웰플렉스,시흥,씨앤펄,분양,현대엔지니어링,경기,과천,과천,지식,정보,타운,디센트,힐스테이트,과천,분양,예정,한양,일대,경기,안양,안양동,한양수자,오피스텔,안양,리버뷰,공급,전용,타입,규모,조성,현대엔지니어링,동탄,신도시,동탄테크노밸리,르센텀,힐스테이트,동탄,분양,예정,동탄2,신도시,소식,오피스,공급,디디티,시행,동탄,디웨이브,공급,예정,업무,휴식,공존,오피스,전용,29~95,규모,현대건설,유성구,주거,오피스텔,힐스테이트,유성,분양,예정,규모,한화건설,일원,충청남도,아산시,배방읍,장재리,랜드마크,한화,포레,천안아산역,분양,힐스테이트,양주,청주,동탄,시흥,한양,과천,경북,충남,한양수자,순천,춘천,현대건설,천안,고양,거창포르시엘",1,0.9559270014754601
2022-09-21,[돈되는 분양] 부동산 시장 침체 우려에도 끄떡없다 하반기 알짜 단지 관심,"침체,부동산,시장,알짜,관심,침체,부동산,시장,와중,알짜,단지,수요자들,관심,오피스텔,지식산업센터,수익,부동산,차별화,설계,공급,이목,서울,중구,충무로,이너시아,남산,공급,전용,면적,35~53,규모,충무로역,명동역,4호,도보,을지로3가,환승,8분,위치,동대문구,답십리동,일대,자산신탁,시행수탁,두산에너빌리티,시공,트리마제,르텐,바이,공급,단지,지하,지상,15층,전용,40~56,소형,타입,위주,구성,규모,건설,인천,영종,국제도시,블록,영종국제도시,풍경채,디오션,분양,전용,면적,84~116,670가구,서해,영구적,오션뷰,타입,가능,레일바이크,유명,씨사이드파크,공원,조망,확보,주변,다수,근린공원,영종둘레길,해안가,위치,중심상업시설,인근,행정타운,조성,예정,생활,인프라스트럭처,지속적,개선,초교,용지,근거리,위치,운남초,영종중,하늘중,학교,효성중공업,안성,경기,진사,해링턴,플레이스,공급,예정,단지,전용,74~100,가구,규모,조성,단지,위치,공도읍,안성,평택,입지,생활권,GS건설,일대,대구시,남구,대명동,대명자,그랜드시티,분양,예정,지하,지상,34층,가구,규모,대단지,포스코건설,군산시,구암동,일대,군산프리미엘,분양,예정,지하,지상,최고,109,6개,109,전용,면적,가구,규모,가구,위주,평형,구성,특징,2차,단지,군산,더샵,디오션시티,가구,규모,타운,더샵,브랜드,형성,전망,DL건설,구미시,상모,지구,도시,구역,트리베뉴,구미상모,트리,베뉴,분양,예정,지하,지상,27층,6개,전용,면적,84~116,가구,규모,구미국가산업단지,직주근접성,e편한세상,C2하우스,설계,구미시,적용,롯데건설,일원,충남,천안시,서북구,두정동,천안,롯데캐슬,두정,분양,천안희망초등학교,위치,초품,단지,천안시,핵심,인프라,밀집,두정동,신부동,생활,이용,가능,입지,주목,GS건설,일원,충남,아산시,용화동,아산자이,그랜드파크,분양,예정,74~149,전용,74~149,739가구,84~149,전용,84~149,849가구,가구,규모,아산시,민간,공원,특례,용화체육공원,예정,조성,숲세,단지,현대건설,강원도,원주시,관설동,일원,분양,레스티지,힐스테이트,원주,26일,29일,4일,정당계약,진행,전용,84~136,가구,규모,조성,혜택,중도금,계약금,정액제,금융,혜택,제공,대우건설,대한토지신탁,경북,포항시,구룡포읍,일원,마린시티,포항,푸르지오,분양,예정,지하,지상,38층,5개,전용,84~101,가구,규모,예정,준공,국가산업단지,포항,블루밸리,국가,산업,단지,배후,주거지,주목,DL이앤씨,경남,김해시,주촌면,선지리,일원,더프리미어,주촌,공급,지하,지상,29층,9개,전용,면적,84~115,가구,규모,조성,김해시,단지,인접,주촌선천지구,장유,진영,도시개발,주축,포함,일대,대표,중심지,역할,전망,미래가치,DL건설,옥천,이달,충북,퍼스트원,옥천,공급,단지,109,전용,545가구,조성,충북,옥천,e편한세상,브랜드,아파트,포스코건설,광양,이달,전남,광양라크포엠,분양,단지,전용,84~159,920가구,조성,단지,중마생활권,접근성,광양,시내외,접근,우수,광양제철소,산업단지,직주,근접,단지,태영건설,고성,강원,데시앙,아야진,라메르,분양,예정,단지,전용,면적,59~215,펜트하우스,포함,811가구,구성,고성군,브랜드,단지,청정,해변,조망,아파트,오션뷰,랜드마크,대우건설,논산,충남,2곳,논산,퍼스트,분양,논산,강경읍,연무읍,2개,공급,세대주,세대원,다주택자,청약,가능,전매,제한,규제,논산,강경,퍼스트,지하,지상,20층,전용면적,375가구,논산,연무,퍼스트,연무읍,안심리,지하,지상,29층,전용,면적,84~103,433가구,조성,더블유건설,시행,우남건설,시공,우남퍼스트빌,예정,이달,분양,충남,천안시,서북구,부대동,부성지구,A-,2BL,지하,최고,20층,6개,가구,규모,조성,도보권,수도권,전철,1호,부성역,가칭,신설,예정,역세,단지,예정,눈길,수익,부동산,SK에코플랜트,시공,V1,청라,SK,청라국제도시,이달,오픈,청라동,인천광역시,서구,지하,지상,규모,지식,산업,센터,호실,분양,창고,근린,생활,시설,호실,청라국제도시,지식산업센터,규모,자랑,청라,SK,인근,청라,IHP,도시,첨단,산업,단지,집적효과,경기도,시흥시,신천동,일원,주거,오피스텔,시흥,신천역,해링턴,타워,이달,청약,접수,진행,당첨자,계약,진행,전용,63~84,규모,서해선,제2,인선,예정,입지,신천역,초역,세권,동탄2,경기도,화성,동탄,신도시,동탄테크노밸리,HN,시공,더큐브,홈오피스,지식,산업,센터,동탄,헤리엇,분양,예정,지하,지상,19층,2개,규모,오피스,호실,상업,시설,호실,현대엔지니어링,센텀권역,부산시,수영구,센텀,권역,더퍼스트,힐스테이트,센텀,분양,지하,지상,37층,전용,면적,61~84,447실,4개,규모,조성,브랜드,단지,오피스텔,호실,수영강,조망,센텀시티,야경,특급조망권,전용면적,e편한세상,청라,논산,충남,호실,부동산,동탄,지식산업센터,6개,경기도,구미시,힐스테이트,포항,신천역,옥천,두정동,해링턴,오션뷰,센텀",1,0.9550304309133683
2022-08-27,"골드랜드제이앤제이, 시장 호황 평택서 지식산업센터 '오션센트럴비즈' 공급","골드랜드제이앤제이,오션센트럴비즈,시장,호황,평택서,지식,산업,센터,공급,부동산,거래량,급감,시장,상승세,상반기,경기,관심,평택,자료,경기도부동산포털,평택시,상반기,3135건,거래,아파트,매매,경기도,2만,경기도,거래,11%,차지,고양시,용인시,수원시,2000건,거래,체결,집계,아파트,가격,자료,KB,부동산,시계열,경기도,아파트,매매,가격,0.38%,상승,평택시,2.99%,이천,8.06%,안성,3.58%,3번,집값,상승,기록,평택시,규모,세계,최대,반도체,생산,기지,캠퍼스,삼성전자,평택,캠퍼스,포승국가산업단지,원정지구국가산업단지,평택포승,BIX,송탄일반산업단지,칠괴일반산업단지,산업,단지,조성,인구,유입,만큼,수요,업계,평가,평택시,인구,56만,통계청,자료,교통,호재,평택지제역,1호,수도,전철,SRT,구축계획,국가,철도망,구축,계획,포함,1호,서정리역,평택지제역,서해선,경부고속선,KTX,연결,예정,평택,포승국가산업단지,현덕지구,현대모비스,전기차,핵심,부품,공장,클러스터,미래,자동차,수소,복합,지구,추진,배후,주거지,부상,예상,화양지구,속도,화양지구,평택시,현덕면,화양리,일원,도시개발사업,민간,주도,도시개발사업,규모,역대,최대,추진,규모,서울,여의도,279만,부지,5만,2만,가구,거주,예정,도시개발사업,만큼,공동,주택,교육,문화,상업시설,공원,녹지,생활기반시설,체계적,조성,예정,리얼투데이,관계자,평택,교통호재,서울,수도권,전국,이동,편의,각종,대기업,투자,진행,기업,실수요,선호도,상주인구,증가,만큼,시장,평택,부동산,활기,한동안,예상,골드랜드제이앤제이,디벨로퍼,일원,경기도,평택시,포승읍,만호리,지식,산업,센터,오션,센트럴,비즈,공급,경기,유일,국제,무역항,평택항,인근,지하,지상,최고,연면적,24만,규모,조성,사업장,제조형,섹션형,스마트형,공장,근린생활시설,구성,시공,대우건설,KRI,한국기록원,세계,최대,규모,항만,복합,시설,인증,사업지,인근,서해선,복선,전철,안중역,예정,포승평택선,예정,서부내륙고속도로,예정,다수,광역,교통망,개통,예정,상업시설,지하,1층,지상,2층,공급,상가,지식산업센터,종사자,입주,기업,2만,고정수요,확보,인접,산업,단지,종사자,배후수요,흡수,유동인구,유입,거리,일렬,형태,스트리트형,설계,상가,내부,동선,시설,구성,예정,워터갤러리,힐링포레스트,선큰가든,휴식공간,거리,벚꽃나무,예정,평택시,평택,경기도,만큼,부동산,2만,종사자,상반기,1호,지식산업센터,수도권,서울,서해선,시계열,삼성전자,평택지제역,도시개발사업,안중역",1,0.9531032527047564
2022-05-31,전국 5가구 중 3가구는 1?2인 가구 소형 주거상품 ‘주목’,"전국,3가구,가구,소형,주거,상품,주목,전국,1~2,가구,가구,돌파,변화,주거,트렌드,주거,오피스텔,상승률,매매,가격,상승,분양,힐스테이트,장안,라보니타,가구,증가,부동산,시장,변화,가구원,수요자들,선호,주거공간,소형,위주,주거상품,주목,아파트,매매,진입,장벽,수요자들,주거,오피스텔,눈길,통계청,자료,확인,가능,전국,1~2,가구,2020년,기준,250만,879가구,59.77%,차지,수준,5가구,3가구,1~2,가구,장래가구추계,1~2,가구,증가,2045년,71.83%,차지,예측,1~2,가구,증가,소형,주거,상품,관심,일원,경기도,고양시,덕양구,분양,에일린,오피스텔,덕은,DMC,센트럴,10블록,모집,117건,접수,평균,경쟁률,기록,서울,영등포구,일원,분양,현대마에스트로,오피스텔,여의도,전용,73~77,거주자,경쟁률,89대,대출,규제,영향,풀이,업계,아파트,청약,문턱,대출,규제,아파트,매매,자금,확보,어려움,오피스텔,수요,아파트,대체,분양,시장,오피스텔,적용,청약,가점,저가점자,청약,가능,대출,상대적,아파트,대비,상대,주거,오피스텔,공급,시장,관심,일대,동대문구,장안동,주거,오피스텔,분양,현대건설,서울특별시,동대문구,장안동,일원,라보니타,힐스테이트,장안,분양,예정,지하,지상,19층,전용면적,규모,타입,가족,단위,거주,가능,중대,타입,구성,신축,아파트,bay,평면,설계,적용,일부세대,타입,다락구조,설계,개방감,공간,활용도,극대화,도보,이동,가능,거리,지하철,장한평역,위치,광화문,여의도,서울,업무,지구,출퇴근,편리,인근,롯데백화점,청량리점,한양대학교병원,장안동,먹자골목,홈플러스,동대문점,생활,편의,시설,DL이앤씨,일원,경기,수원시,권선구,고색동,고색,시티,분양,예정,지하,지상,14층,규모,호실,실주거,가능,선호도,전용면적,단일면적,구성,권선로,삼성전자,수원,사업장,이동,평택파주고속도로,수원,광명,제2순환,고속도로,봉담,동탄,과천봉담고속화도,비봉매송도시고속도로,고속도로,출입,롯데백화점,롯데몰,KCC몰,AK플라자,생활,편의,시설,경기도,시흥,분양,롯데건설,경기,시흥시,장현동,일원,시흥시청역,루미니,분양,예정,지하,지상,10층,전용,면적,42~76,규모,조성,주거,오피스텔,단지,서해선,시흥시청역,도보권,위치,신안산선,공사중,월판선,공사중,개통,예정,교통,환경,우수,시흥시청,도서관,체육공원,보건소,구축,복합,행정,타운,각종,공공,행정,서비스,이용,가능,녹지,산책로,앞뒤,위치,대전,소형,상품,분양,KR산업,계룡그룹,대전,유성구,죽동,일원,까사포레,죽동,리슈빌,분양,지하,지상,7층,전용,면적,28~84,규모,조성,다락공간,타입,복층,다락,공간,서비스,면적,제공,테라스,설계,최상층,맞통풍,가능,평면,호실,예정,개방감,공간,활용,인근,유성IC,유성고속터미널,구암역,위치,대중교통,이용,시내,이동,편리,유성선병원,유성구청,월드컵경기장,CGV,생활,인프라,죽동초,대덕국제유치원,충남대학교,카이스트,교육,환경,전용면적,장안동,고속도로,경기도,서울,여의도,힐스테이트,롯데백화점,수원,시흥시청역,죽동,동대문구,라보니타,호실,3가구,주거상품",1,0.9531027299662912
2022-03-05,"현대엔지니어링, ‘힐스테이트 인덕원’ 7일부터 청약 접수","현대엔지니어링,힐스테이트,인덕원,7일,청약,접수,지하,지상,28층,3개,전용,50~74,349가구,최장,거주,가능,장기일반민간임대주택,청약통장,청약,가능,현대엔지니어링,힐스테이트,인덕원,사이버,견본,주택,오픈,분양,현대엔지니어링,포일동,경기도,의왕시,1번지,힐스테이트,인덕원,지하,지상,28층,3개,전용,면적,50~74,349가구,조성,하부,판매시설,전용면적별,75가구,74가구,150가구,50가구,구성,장기일반민간임대주택,공급,주택수,포함,규제,각종,부동산,적용,취득세,재산세,주택,소유,세금,19세,청약통장,청약,최장,거주,가능,우수,교통,환경,조성,주거,환경,생활인프라,단지,4호,인덕원역,1km,위치,서울,강남,강북지역,이동,가능,인근,위치,수도권,제1순환,고속도,제2경인고속도로,용인서울고속도로,판교,수원,수도,접근성,인근,로마트,LF아울렛,다수,쇼핑시설,위치,롯데시네마,은행,병원,형성,인덕원역,상권,이용,가능,포일초,백운중,인근,위치,우수,학군,학의천,백운호수,모락산,포일공원,자연환경,IT기업,기업체,입주,안양벤처밸리,가량,거리,직주근접성,주변,개발호재,예정,정주여건,예정,우선협상대상자,선정,본격화,GTX-C노선,추가,정차,인덕원역,제안,인덕원역,개통,강남,소재,양재역,정거장,삼성역,정거장,진입,가능,월곶,판교선,개통,추진,판교역,정거장,이동,가능,전망,인덕원,동탄,복선전철,2027년,예정,노선,개통,인덕원역,지하철,GTX-C,월곶,판교선,인덕원,동탄선,교차,역세권,탈바꿈,과천지식정보타운,제2,왕테크노파크,인덕원,동탄,복선전철,주거,전반,진행,거주,선호도,구성,중소,제공,각종,옵션,품목,기본,단지,세대,2~3,가구,신혼부부들,선호도,중소,구성,가구,김치냉장고,에어컨,인덕션,품목,각종,옵션,기본,제공,공급물량,150가구,타입,타워형,조성,드레스룸,복도,팬트리,침실,붙박이장,제공,수납공간,극대화,거실,다이닝공간,주방,벽체,공간,LDK,Living,Dining,Kitchen,구조,시공,공간,활용,극대화,주방창,통풍,가능,설계,주거,환경,조성,50가구,공급,타입,채광,조망,4Bay,3Room,판상,구조,시공,드레스룸,팬트리,마련,편리,동선,대면,주방,설계,적용,와이드,주방창,통풍,극대화,특징,내부,휘트니스센터,작은도서관,어린이집,시설,각종,커뮤니티,마련,입주민들,편리,주거생활,지하층,세대,수납,공간,부피,물건들,별도,보관,입주자,창고,제공,관계자,현대엔지니어링,분양,힐스테이트,인덕원,주택수,포함,상품,부담,각종,비용,최대,거주,가능,주거,선호도,중소형,구성,만큼,실수요자,관심,힐스테이트,인덕원,견본주택,경기도,안양시,동안구,관양동,위치,급증,코로나19,확산,방지,사이버,견본,주택,운영,공급,공급,정보,사이버,견본,주택,확인,타입,VR,내부,현장감,청약접수,청약,접수,당첨자,발표일,11일,22일,25일,4일,정당계약,진행,입주,예정일,예정,인덕원역,인덕원,현대엔지니어링,경기도,정거장,힐스테이트,포일,팬트리,수도권,극대화,주방창,강남,선호도,중소형,코로나19",1,0.9529999600401005
2022-09-13,‘불법 태양광’에 혈세 뿌린 文정부 표본조사서만 1800억원,"불법,태양광,혈세,표본조사서,1800억,문재인정부,탈원전,문재,인정부,정책,기조,급부상,태양광,신재생,에너지,혈세,낭비,지방자치단체,표본조사,태양,사업자,허위,세금,계산서,제출,대출,농지,불법,태양광,시설,설치,대출,위법,부당,사례,2000건,적발,전임,부실,관리,도마,적발,문제점들,수사,의뢰,부당,지원금,환수,조치,한편,전수조사,정확,파악,비리,규모,방침,30일,문재인,발전소,전북,군산,새만금,수상,태양광,새만금,재생,에너지,비전,선포식,연설,정부합동부패예방추진단,국무,조정실,합동,부패,예방,추진단,13일,점검,전략,산업,기금,운영,실태,결과,조사,전기요금,3.7%,징수,기금,사용,전력산업기반기금,운영,실태,조사,기금,문재인,2018년,5년,12조,투입,점검,산업통상자원부,합동,지자체,전국,12곳,대상,위법,점검,결과,부당,사례,2267건,부당,대출,지급,액수,2616억,위법,부당,사례,유형별,위법,부적정,대출,1406건,1847억,지자체,금융,642억,규모,표본,조사,결과,25%,201억,허위세금계산,발급,141억,부당,대출금,지급,파악,공사비,실제,사업비,과다,대출,가짜,세금,계산서,사례,현행법,농지,태양광,시설,예외,규정,이용,재배시설,곤충,사육,시설,허위,설치,태양광,시설,대출금,사례,지자체,20곳,34억,적발,전력사업,전기,공사비,내역,전기,분야,작성,내역서,시공업체,견적서,확정,대출,사례,158건,226억,확인,한국에너지공단,2021년,사이,태양광,발전,시설,설치,금융지원사업,6509건,전수,조사,결과,17%,1129건,1847억,무등록업체,계약,하도급,규정,위반,사례들,업체,전기공,발전사업자,태양광,발전소,공사,계약,불법,한국에너지공단,금융지원,신청,자격,부여,금융기관,5억,부당,수령,사례,집행,전력,산업,기금,보조금,집행,도덕,해이,수준,조사,A시,지자체,30억,규모,도로,수리시설,정비공사,203건,수의계약,4억,예산,낭비,특정,업체,특혜,제공,의심,추진단,부연,장비,구매,입찰,참여,특정,업체,들러리,업체,참여,40억,가격,담합,공정거래법,위반,사실,적발,강원도,영월군,위치,태양광발전소,국무조정실장,방문규,국무,조정,실장,서울청사,브리핑,문재인,시절,신재생,에너지,정책,드라이브,준비,시간,여유,말단,집행,사례,부실,집행,확인,생각,설명,추진단,적발,사례들,수사기관,수사,의뢰,부당,지원금,환수,조치,예정,조사,대상,전국,확대,추가,점검,지속적,관리,감독,제도,마련,제도,개선,방안,공언,조사,대상,전국,낭비,예산,추산,조사,결과,전임,겨냥,해석,한덕수,국무총리,출입,기자단,간담회,시작,태양광,문재인정부,새만금,지자체,추진단,문재인,발전소,간담회,1847억,공사비,한국에너지공단,전수조사,사업자,금융지원사업,대출금,12조",2,0.9474139513335436
2022-06-23,"""""""땅 사놓고도 되파는 판"""" '재생에너지 발목' 이런 규제 한국만 있다""","재생에너지,발목,규제,한국,창간기획,그린볼루션,시대,3회,주유소,규제,100개,태양광,발전,충전소,주유소,재생,에너지,발전,연계,에너지,슈퍼스테이션,주유소,규제,100개,지붕,태양광,전기충전소,설치,연료,전지,발전,설치,에너지업계,요즘,고민,탄소,중립,계획,재생에너지,민간발전업계,정유업계,추진,선언,설치,재생,에너지,발전,설비,사용,첩첩산중,업계,에너지,산업,규제,완화,입지,선정,환경,주민,퇴짜,이격거리,제한,재생에너지업계,최우선적,해결,규제,이격거리,제한,제한,지자체,조례,태양광,풍력발전,이격거리,재생,에너지,발전,산업통상자원부,기준,이격거리,운영,태양광,입지,1월,기초,지자체,128곳,이격거리,시행,유명무실,업계,지자체,지자체,객관,근거,과도,이격거리,설정,설치,재생,에너지,발전,저해,지자체별,기준,형평성,불만,지자체,신재생,에너지,발전,설비,도로,주택,100m,설치,규정,곳들,500m,기준,지자체들,설비,관리,감독,고무,줄식,이격,거리,규제,집중,발전,설비,임야,환경,파괴,논란,재생,에너지,업계,관계자,초반,문재인,정권,2017년,이격거리,규제,지자체,정도,지자체,이격거리,제한,발전,정도,재생,에너지,설비,이격,거리,제한,국가,한국,근거,규제,이격거리,제한,폐지,신재생,에너지,대만,일본,해결사,태양광업계,농사,태양광,발전업,병행,발전,영농,태양광,수요,규제,진행,통상적,태양광,발전,설비,수명,정도,발전설비,영농,태양광,발전,설비,농지법,8년,철거,태양광,관계자,영농,태양광,설치,재배량,10%,전력,판매,경제,생산,농가,문의,규제,확산,속도,풍력업계,주체,통일,지적,풍력,업계,관계자,인허가,풍력,발전,지자체장,지자체별,분위기,재생에너지,확대,인허가,사업자,입장,편리,육상,풍력,발전,단지,산림청,관리,환경영향평가,통과,산림청,허가,고충,신재생,선진국,발돋움,일본,대만,벤치마킹,대상,국가,재생,에너지,발전,입지,선정,주민들,갈등,해결,입지,규제,해소,현실적,주민들,보상,기업,중재,보상,당위성,확보,SMP,전력도매가격,상한,제도,재생,에너지,발전,확대,신재생,발전,사업자,포함,이익,민간,발전,사업자,인위적,제한,시장,과도,위축,지적,발전,업계,관계자,SMP,상한,중장기적,재생에너지,시장,진입,장기적,고착화,사업장,존폐,정도,전기요금,인상,가격,개입,최소화,태양광전기,수소,충전,주유소,규제,샌드박스,확대,신재생,에너지,사용,측면,업계,에너지네트워크,연계,시장,확대,규제,주유소,활용,에너지슈퍼스테이션,대표적,사례,에너지,슈퍼스테이션,주유소,LPG,액화석유가스,충전소,태양광,발전,연료전지발전,접목,시설,정유업계,인프라,인력,활용,발전,자체,생산,전기,수소,충전,전환,모범,대안,주유소,설치,에너지,슈퍼스테이션,운영,규제,사업화,전기차,충전,시설,설치,위험물안전관리법,주유시설,6m,이격거리,요구,연료,전지,발전,설비,설치,불가능,법령,정비,에너지업계,신재생,에너지,연계,신사업,전환,규제,샌드박스,적극,확대,목소리,2월,슈퍼스테이션,서울,금천구,박미,에너지,규제,예외적,면제,규제,샌드박스,탄생,규제,샌드박스,실증,특례,슈퍼스테이션,박미,에너지,시설,구축,운영,최대,허용,SK에너지,전국,100개,구축,에너지,슈퍼스테이션,운영,계획,가능,업계,관계자,충전,인프라,신재생,에너지,사용,주유소,인프라,LPG,충전소,활용,방안,주유소,LPG,충전소,환경,에너지,공급,거점,연료,전지,설치,허용,완화,전기차,충전,설비,규제,강조,감축,온실,가스,40%,원전,재생,조합,온실가스감축목표,국가,온실,가스,감축,NDC,준수,부문별,현실,감축,수단,마련,법정,국가,계획,반영,윤석열정부,인수,위원회,국정,윤석열정부,국정과제,지난달,국정,직전,문재인,NDC,40%,유지,방침,공식화,결정,NDC,상향,결정,이해당사자,입장,반영,절차상,국제사회,공언,약속,판단,원자력발전,원전,비중,비중,재생,에너지,발전,현실적,방향,시나리오,NDC,달성,수정,환경부,NDC,달성,부문별,연도별,계획,수립,예정,책임,탄소,배출,감축,산업계,포함,이해당사자,소통,객관적,비용,토대,현실적,방안,NDC,달성,계획,문재인정부,NDC,상향,결정,비중,재생,에너지,발전,최대,70%,확대,골자,시나리오,탄소,중립,탈원전,신재생,에너지,확대,배출량,온실,가스,정점,40%,대비,40%,2050년,탄소중립,달성,그림,윤석열정부,발전량,안정적,신재생,에너지,NDC,탄소,중립,달성,불가능,판단,장관,한화진,환경부,취재진,간담회,재생에너지,원전,에너지,합리적,믹스,조합,차원,출범,정책,변화,재생에너지,간헐성,원전,해결,믹스,차원,건설,중단,4호기,건설,신한울,호기,상반기,재개,수명,원전,계속가동,검토,원전,가동,방향,에너지믹스,조합,조정,예정,원전,건설,가동,차세대,원전,SMR,소형모듈원전,일정,원전,달성,NDC,수용성,만큼,주민,수용,전제,신재생,에너지,확대,방침,우리나라,해외,주요국,원전,활용,신재생,에너지,확대,정책,EU,유럽연합,집행위원회,EU,지난달,REPower,계획,재생,에너지,발전,비중,40%,45%,2030년,3000억,유로,407조,투자,결정,러시아,우크라이나,침공,에너지,안보,위기,발생,러시아,석탄,화석,연료,의존도,의도,미국,확충,전력,인프라,에너지,육성,계획,재건,BBB,입법,추진,발전,중단,제주도,교훈,재생에너지,탄소중립,재생에너지,속도,확대,능사,자연,재생에너지,사람,대로,전력,조절,2030년,탄소,제로,선언,제주,공급,재생,에너지,과잉,태양광,풍력,출력제어,재생에너지,에너지원,안정적,자리,ESS,에너지저장시스템,분산,발전,생태,수소,경제,구축,필수적,지적,전력거래소,신재생,에너지,비중,제주도,출력,제어,횟수,급증,출력제어,발전량,과잉,공급,전력,계통,과부하,전력,발전,사업자,설비,중단,요청,조치,출력,제어,조치,위주,공공,풍력,발전,단지,발전,민간,태양광,출력,제어,전력거래소,태양광발전시설,공공,태양광,발전,시설,출력제어,민간,태양광,발전,시설,차례,출력,차단,제주도,비중,기준,재생,에너지,39%,탄소중립,메카,2030년,신재생,에너지,제주도,전력,수요,100%,충당,탄소,정책,추진,재생,에너지,비율,급증,수요,전력,계통,안정,인프라,전력계통,불안정성,상황,제주에너지공사,재생,에너지,출력,제약,전망,보고서,제주도,재생,에너지,출력,제약,179일,4294시간,전망,발전량,출력,제약,예상,2078GWh,기가와트시,신재생,제주도,신재,에너지,5164GWh,최대,발전량,5164GWh,40.2%,규모,재생에너지,확대,전국,발생,재생,에너지,발전량,확대,속도,출력,전력,역전송,송전선로,배전망,확보,송전망,건설,선제적,추진,78조,규모,투자,전력망,발전,패러다임,전환,송전망,확대,해결책,ESS,에너지저장장치,DR,전력수요자원거래,ESS,재생에너지,생산,잉여전력,저장,발전량,전력,판매,신재,확대,ESS,필수적,ESS,설비,보전,비용,전력구입비,3배,배꼽,상황,업계,발전사업자들,ESS,투자,만큼,재생,에너지,전력,가격,주장,해결책,DR,전력,수요,관리,사업자,전기사용자,모집,구성,수요자원,전기사용량,전력시장,발전,동등,보상,전력,분산전원,일종,VPP,가상발전소,수요처,방식,수급,전력,예측,최적화,형태,운영,효율적,전력,공급,가능,한국전력공사,송배전,관리,환경,DR,구축,업계,전력수요관리,민간,재생,에너지,업계,관계자,발전업자,민간,재생,에너지,발전,업자,전력수요관리,한전,한전,허가,사업자,발전,시장,만큼,송배전,유통체계,재생에너지,안정적,자리,재생에너지,태양광,지자체,이격거리,신재생,ndc,관계자,발전량,제주도,주유소",2,0.9467643625227378
2022-09-13,"""文정부 '태양광 복마전'에 세금 줄줄 샜다 """"2600억 부당지원""""""","태양,복마전,세금,부당,전임,문재인,활성화,태양광,발전,활성,전기,산업,발전,기반조성,진행,전력산업기반기금사업,전반적,부실,확인,세금계산서,태양광,허위,세금,계산서,대출,농지,불법,태양광,시설,설치,위법,부당,사례,다수,발견,보조금,수의,계약,결산,조작,회계부실,적발,부패예방추진단,국무,조정실,합동,부패,예방,추진단,지난달,산업통상자원부,지방자치단체,전국,지방,자치,단체,12곳,전력산업기반기금사업,점검,운영,실태,표본,결과,위법,부당사례,2천,적발,13일,부당,대출,지급,자금,2천,조사,규모,예산,세종시,인근,중심,지자체,5%,추출,조사,대상,전국,확대,낭비,예산,추론,사례,부당,유형별,위법,부적정,대출,1천,1천,적발,국조실,지자체,금융,642억,규모,표본,조사,결과,25%,201억,허위,발급,141억,부당,대출,실행,확인,공사비,실제,사업비,과다,대출,공사,자체,허위,세금,계산서,계산서,취소,사례,발견,농지,불법,태양광,시설,설치,대출,사례,조사,현행법,농지,태양광,시설,버섯,재배,시설,곤충,사육,시설,설치,농지,용도,태양광,시설,이용,농지,재배시설,가짜,버섯,재배,시설,곤충,사육,시설,태양광,시설,대출금,사례,지자체,20곳,34억,적발,전력사업,전기,공사비,내역,시공업체,견적서,확정,대출,사례,158건,226억,발견,전기,공사비,내역서,원래,전기,분야,작성,2021년,사이,한국에너지공단,태양광,발전,시설,설치,금융,전수,조사,결과,17%,1천,대출금,1천,무등록업체,계약,하도급,규정,위반,사례,적발,업체,전기공,발전사업자,태양광,공사,계약,불법,한국에너지공단,금융지원,신청,자격,부여,금융기관,5억,부당,수령,사례,국조실,집행,전력,산업,기금,보조금,집행,전반적,도덕,해이,B시,지자체,30억,규모,도로,수리시설,정비공사,203건,수의계약,4억,예산,낭비,특정,업체,특혜,제공,의심,국조실,C시,산업부,승인,보조금,17억,임의,변경,결산서,부적정,작성,대상,보조금,건립,마을,회관,사용,4억,보조금법,위반,장비,구매,입찰,참여,특정,업체,들러리,업체,참여,40억,가격,담합,공정거래법,위반,사실,적발,D군,5억,태양광,조달,구매,4개,태양전지,모듈,주문,업체,8개,모듈,적정,납품,검사,설치,진행,특정,업체,생산,사양,조달,구매,신청,업체,선정,실제,구매요구서,물품,설치,방문규,국무,조정,실장,브리핑,신재생,에너지,정책,드라이브,준비,시간,여유,말단,집행,사례,부실,집행,확인,생각,실장,2021년,한국에너지공단,6천,전기,면허,사업자,대출,긴급,사업자,면허,사업자,승인,국조실,전력산업기반기금사업,2018년,5년,12조,투입,기금,운영,집행,외부기관,점검,미흡,지적,배경,조사,착수,국조실,관계자,부당,지급,보조금,보조금법,환수,예정,부당대출,사기,범죄,여지,수사,의뢰,사기,혐의,확정,민사,조치,환수,방안,강구,조사,대상,기관,전국,확대,추가,점검,계획,태양광,보조금,국조실,지자체,4개,전력산업기반기금사업,1천,한국에너지공단,사업자,계산서,공사비,4억,내역서,부적정,5억,6천,2천",2,0.945763886288534
2022-02-24,"포스코 삼성물산 GS에너지 등 6개사, 수소 허브터미널 구축","포스코,삼성물산,GS에너지,6개,허브,터미널,구축,포스코,포스코에너지,삼성물산,GS에너지,한국석유공사,한국남부발전,기업,수소,암모니아,청정,에너지,공동,추진,공동사업,일환,동해권역,청정,에너지,저장,공급,시설,허브,터미널,구축,추진,6개,업무협약,MOU,서울,강동구,체결,서울,강동구,삼성물산,건설,진행,협약식,유병옥,포스코,환경,미래,소재,부사장,사장,정기섭,포스코에너지,이병수,삼성물산,건설,부사장,부사장,김성원,GS,에너지,부사장,최문규,한국석유공사,본부장,심재원,한국,남부,발전,참석,무탄소,에너지원,수소,암모니아,연소과정,이산화탄소,발생,에너지원,차세대,부상,발전,연료,사용,이산화탄소,발생량,저감,협약식,6개,해외,생산,청정에너지,저장,인프라,공급망,구축,밸류체,협력,확대,계획,6개,협약,탄소,중립,국가,비전,선도적,참여,온실,가스,감축,수소,경제,활성,기여,해외,생산,청정에너지,발전소,수소충전소,공급,시설,허브터미널,청정,에너지,허브,터미널,동해권역,공동,추진,계획,포스코,삼성물산,GS에너지,중동지역,중심,청정,에너지,생산,협력,확대,포스코에너지,한국석유공사,한국남부발전,청정,에너지,인프라,공급체계,구축,포스코,2050년,연간,구축,생산,체제,중동,호주,말레이시아,해외,19건,글로벌,수소,생산,추진,한편,수소,암모니아,형태,활용,각종,매진,포스코에너지,해외,청정,에너지,저장,인수,터미널,구축,화석,연료,발전,시설,수소,암모니아,혼소,발전,환경,에너지,본격적,행보,시작,삼성물산,중동,호주지역,수소,생산,인프라,구축,구체화,세계적,에너지,저장,시설,전문,설계,업체,자회사,웨쏘,Whessoe,역량,활용,액화수소,저장,시설,재기화,속도,GS에너지,아부다비국영석유공사,ADNOC,블루암모니아,블루,암모니아,지분,10%,확보,중동,암모니아,적극,참여,한국석유공사,탄소,중립,선도,기업,비전,지난달,아부다비국영석유공사,공동연구,저탄소,암모니아,공동,시범,계약,체결,석유,네트워크,활용,확보,해외,공급망,석유,비축,기지,허브터미널,건설,운영,경험,바탕,암모니아,저장,구축,유통,인프라,추진,부사장,청정에너지,6개,삼성물산,포스코에너지,한국석유공사,포스코,허브터미널,중동,한국남부발전,이산화탄소,공급망,차세대,중동지역,블루암모니아,서울,아부다비국영석유공사,에너지원,협약식,강동구",2,0.9451162438288798
2022-02-24,"다시 수소로 뭉쳤다..국대기업 6개사 동맹, 동해 에너지터미널 구축","수소,국대,기업,동맹,구축,동해,에너지,터미널,종합,국가,대표,철강,에너지,화학,건설,발전기업들,수소,포스코,중심,6개,민간,공공기업,수소,암모니아,청정,에너지,공동,추진,동해,청정,에너지,허브,터미널,구축,1차,중장기적,밸류체인,구축,전환,미래,에너지,동력,전망,포스코,삼성물산,GS에너지,6개,서울,삼성물산,건설,업무협약,MOU,체결,25일,수소,암모니아,청정에너지,화석연료,대체,유력,대안,포스코,현대차그룹,기업,수소,비전,에너지,전환,착수,반영,수차례,기업,수소,동맹,협약,체결,체결,기업,협약,기업,수소,연소,이산화탄소,발생,신재,에너지,수소,생산,그린수소,탄소중립,대안,각광,암모니아,수소,대량,운송,유력,수단,협약,참여,기업들,면면,기업들,대표,기업,밸류체인,뉴딜,밸류,체인,밑그림,수소,생산,운송,저장,활용,기업들,인프라,공급망,구축,밸류체,협력,확대,계획,6개,동해,허브터미널,청정,에너지,허브,터미널,구축,해외,생산,수소,청정에너지,발전소,수소충전소,공급,필수,시설,탄소,중립,국가,비전,선도적,참여,온실,가스,감축,기여,포스코,삼성물산,GS에너지,그간,중동,중심,청정,에너지,생산,협력,확대,포스코에너지,한국석유공사,한국남부발전,청정,에너지,인프라,공급체계,구축,포스코,2050년,연간,생산,체제,구축,방침,중동,호주,말레이시아,해외,19건,글로벌,수소,생산,추진,수소,암모니아,형태,활용,각종,매진,삼성물산,중동,호주지역,수소,생산,인프라,구축,구체화,세계적,에너지,저장,시설,전문,설계,업체,자회사,웨쏘,Whessoe,활용,액화수소,저장,시설,재기화,속도,포스코에너지,해외,청정,에너지,저장,인수,터미널,구축,화석,연료,발전,시설,수소,암모니아,혼소,발전,환경,에너지,본격적,행보,시작,GS에너지,아부다비국영석유공사,ADNOC,블루암모니아,블루,암모니아,지분,10%,확보,중동,암모니아,적극,참여,한국석유공사,탄소,중립,선도,기업,비전,지난달,아부다비국영석유공사,공동연구,저탄소,암모니아,공동,시범,계약,체결,석유,네트워크,활용,확보,해외,공급망,석유,비축,기지,허브터미널,건설,운영,경험,바탕,암모니아,저장,구축,유통,인프라,추진,진행,협약식,유병옥,포스코,환경,미래,소재,부사장,사장,정기섭,포스코에너지,이병수,삼성물산,건설,부사장,부사장,김성원,GS,에너지,부사장,최문규,한국석유공사,본부장,심재원,한국,남부,발전,참석,포스코,청정에너지,부사장,삼성물산,6개,동해,포스코에너지,중동,한국석유공사,허브터미널,한국남부발전,공급망,기업들,블루암모니아,밸류체인",2,0.9445025688076241
2022-06-03,"경찰, '김혜경 법카 의혹' 관련 업소 129곳 압수수색 마쳐","경찰,의혹,김혜경,법카,마쳐,업소,압수,수색,계양,인천,국회의원,보궐,선거,당선,이재명,경기도지사,배우자,김혜경,의혹,법인,카드,유용,수사,경찰,120여,업소,압수수색,확인,경기,남부,경찰청,경제범죄수사대,일주일,지난달,중순,김씨,법인카드,유용,의혹,수도,식당,압수수색,압수수색,식당,수원,성남,집중,상황,압수수색,철저,보안,진행,경찰,압수수색,확보,자료,김씨,법인카드,사적,이용,사용기간,금액,확인,방침,경찰,압수물,관련자들,대로,사건,관련자,소환,조사,계획,소환,대상,사건,제보,공익신고인,경기도청,비서실,비서,의혹,핵심,인물,총무과,거론,경찰,김씨,소환,통보,가능성,경찰,관계자,사건,수사,압수수색,진행,국민,12월,지사,김씨,배씨,3명,직권남용,국고손실,혐의,고발,국민의힘,김씨,후보,경기,지사,재임,2018년,3년,배씨,수행비서,주장,혈세,지급,사무관,연봉,김혜경,의전,사용,비판,2월,김씨,음식,배달,집안일,심부름,공무원,동원,개인,음식,경기도,법인,카드,결제,명의,불법,처방전,발급,의혹,직권남용,강요,의료법,위반,허위공문서작성,행사,국고,손실,업무,방해,증거,인멸,혐의,추가,고발,경기도,의혹,법인,카드,유용,특정감사,횡령,혐의,업무,배임,적용,경기남부경찰청,고발장,제출,고발장,배씨,경기도청,근무,법인,카드,사용,내역,경찰,고발인,조사,차례,경기도청,배씨,자택,압수수색,단행,강제수사,전환,김씨,압수수색,배씨,법인카드,김혜경,경기도청,경기도,경기남부경찰청,총무과,국회의원,경찰청,인천,고발장,사무관,직권남용,압수물,배우자",2,0.9444920441994706
2022-02-24,포스코 삼성물산 등 6개사 청정에너지 공동사업 협약,"포스코,삼성물산,6개,협약,청정,에너지,공동,포스코,포스코에너지,삼성물산,GS에너지,한국석유공사,한국남부발전,기업,차세대,에너지원,주목,수소,암모니아,청정,에너지,공동,추진,협약식,MOU,사진,체결,이달,24일,6개,공동사업,일환,동해권역,청정,에너지,저장,공급,시설,허브터미널,구축사업,추진,계획,무탄소에너지원,수소,암모니아,연소과정,이산화탄소,발생,에너지원,차세대,부상,발전,연료,사용,이산화탄소,발생량,저감,서울,강동구,상일동,삼성물산,건설,진행,협약식,유병옥,포스코,환경,미래,소재,부사장,사장,정기섭,포스코에너지,이병수,삼성물산,건설,부사장,부사장,김성원,GS,에너지,부사장,최문규,한국석유공사,본부장,심재원,한국,남부,발전,참석,협약식,6개,해외,생산,청정에너지,저장,인프라,공급망,구축,밸류체,협력,확대,계획,6개,협약,탄소,중립,국가,비전,선도적,참여,온실,가스,감축,수소경제,활성화,기여,해외,생산,청정에너지,발전소,수소충전소,공급,시설,허브터미널,청정,에너지,허브,터미널,동해권역,공동,추진,계획,포스코,삼성물산,GS에너지,중동지역,중심,청정,에너지,생산,협력,확대,포스코에너지,한국석유공사,한국남부발전,청정,에너지,인프라,공급체계,구축,포스코,2050년,연간,수소,생산,체제,구축,중동,호주,말레이시아,해외,19건,글로벌,수소,생산,추진,한편,수소,암모니아,형태,활용,각종,각종,매진,포스코에너지,해외,청정,에너지,저장,인수,터미널,구축,화석연료발전,LNG,석탄,시설,수소,암모니아,혼소발전,환경,에너지,본격적,행보,시작,삼성물산,중동,호주지역,수소,생산,인프라,구축,구체화,세계적,에너지,저장,시설,전문,설계,업체,자회사,웨쏘,Whessoe,역량,활용,액화수소,저장,시설,재기화,속도,GS에너지,아부다비국영석유공사,ADNOC,블루암모니아,블루,암모니아,지분,10%,확보,중동,암모니아,적극,참여,한국석유공사,탄소,중립,선도,기업,비전,아부다비국영석유공사,공동연구,저탄소,암모니아,공동,시범도입,계약,체결,석유,네트워크,활용,확보,해외,공급망,석유,비축,기지,허브터미널,건설,운영,경험,바탕,암모니아,저장,유통,인프라,구축,추진,청정에너지,부사장,삼성물산,6개,포스코에너지,포스코,한국석유공사,중동,협약식,허브터미널,차세대,아부다비국영석유공사,에너지원,공급망,이산화탄소,중동지역,블루암모니아,한국남부발전",2,0.9444883616588503
2022-09-14,文정부 '신재생' 단 5% 열어봤는데 수천억 비리..조사 전국으로 확대한다,"신재생,5%,비리,조사,전국,확대,전임,문재인,활성화,태양광,발전,활성,전기,산업,발전,기반조성,진행,전력산업기반기금사업,전반적,부실,확인,국무조정실,제공,재판매,DB,탈원전,문재인정부,역점적,추진,태양광,신재생,에너지,혈세,불법적,사용,정황,확인,조사,지방,5%,추출,조사,대상,지자체,확대,규모,비리,예상,정가,문재인정부,아킬레스건,반응,국무,조정실,합동,부패,예방,추진단,지자체,전국,12곳,표본,문재인,태양광,신재생,에너지,보급,진행,실태,전력,산업,기금,운영,점검,국조실,위법,조사,결과,부당,사례,적발,부당,대출,지급,자금,2616억,5년,투입,12조,사업비,2조,사업비,000억,점검,점검,대상,10%,금액,부실,운영,실태,합동점검,국조실,회계처리,전반적,도덕,해이,구멍,신재생,에너지,금융지원사업,현장점검,결과,서류,전수,조사,406건,847억,규모,위법,부적정,대출,공사비,과다,대출,공사,자체,허위,세금,계산서,업체들,가짜,버섯,재배,시설,곤충사육시설,태양광시설,방식,농지법,위반,대출금,업체,전기공,불법,공사,계약,금융,신청,하도급,규정,위반,사례,적발,전임,문재인,활성화,태양광,발전,활성,전기,산업,발전,기반조성,진행,전력산업기반기금사업,전반적,부실,확인,사진,변경,농지,용도,태양광발전시설,가짜,버섯,재배,농장,잡초,모습,2022.9,국무조정실,제공,재판매,DB,부패예방추진단,대출,광범위,허위,세금,계산,발행,무등록업체,계약,대출,만연,태양광,설치,대출,점검,대상,17%,부실,확인,보조금,위법,부당,집행,사례,845건,583억,분할,수의계약,체결,대상,보조금,자금,결산서,허위,작성,장비,구매,입찰,참여,특정,업체,들러리,업체,참여,40억,가격,담합,공정거래법,위반,사실,적발,장기간,집행,방치,지원금,방문규,국조실장,브리핑,드라이브,신재생,에너지,정책,준비,시간,여유,말단,집행,사례,부실,집행,확인,생각,실장,한국에너지공단,6500건,전기,면허,사업자,대출,긴급,면허,사업자,승인,적발,사안,수사기관,수사,의뢰,부당,지원금,환수,조치,조사,대상,기관,전국,확대,추가,점검,계획,국조실,관계자,부당,지급,보조금,보조금법,환수,예정,부당대출,사기,범죄,여지,수사,의뢰,사기,혐의,확정,민사,조치,환수,방안,강구,태양광,신재생,보조금,문재인,국조실,지자체,사업비,국무조정실,지원금,전력산업기반기금사업,추진단,문재인정부,조정실",2,0.9444010034354241
2022-09-14,"국민 혈세 수천억원, 文정부 ‘불법 태양광’ 사업에 낭비됐다","국민,혈세,불법,태양광,낭비,문재인정부,탈원전,문재,인정부,정책,기조,급부상,태양광,신재생,에너지,혈세,낭비,지방자치단체,표본조사,태양,사업자,허위,세금,계산서,제출,대출,농지,불법,태양광,시설,설치,대출,위법,부당,사례,2000건,적발,전임,부실,관리,도마,적발,문제점들,수사,의뢰,한편,전수조사,방침,24일,문재인,합천댐물문화관,경남,합천군,합천댐,수상,태양광,41MW,지역주민,상업,발전,개시,주민,전문가,간담회,발언,정부합동부패예방추진단,국무,조정실,합동,부패,예방,추진단,13일,점검,전력,산업,기금,운영,실태,결과,조사,전기요금,3.7%,징수,기금,사용,전력산업기반기금,운영,실태,조사,기금,문재인,2018년,5년,12조,투입,점검,산업통상자원부,합동,지자체,전국,12곳,대상,위법,점검,결과,부당,사례,2267건,부당,대출,지급,액수,2616억,위법,부당,사례,유형별,위법,부적정,대출,1406건,1847억,지자체,금융,642억,규모,표본,조사,결과,25%,201억,허위세금계산,발급,141억,부당,대출금,지급,파악,공사비,실제,사업비,과다,대출,가짜,세금,계산서,사례,현행법,농지,태양광,시설,예외,규정,이용,재배시설,곤충,사육,시설,허위,설치,태양광,시설,대출금,사례,지자체,20곳,34억,적발,한국에너지공단,2021년,태양광,발전,시설,설치,금융지원사업,결과,전수,조사,17%,1129건,1847억,무등록업체,계약,하도급,규정,위반,사례들,업체,전기공,발전사업자,태양광,발전소,공사,계약,불법,한국에너지공단,금융지원,신청,자격,부여,금융기관,5억,부당,수령,사례,집행,전력,산업,기금,보조금,집행,도덕,해이,수준,조사,A시,지자체,30억,규모,도로,수리시설,정비공사,203건,수의계약,4억,예산,낭비,특정,업체,특혜,제공,의심,추진단,부연,장비,구매,입찰,참여,특정,업체,들러리,업체,참여,40억,가격,담합,공정거래법,위반,사실,적발,사진,뉴시스,방문규,국무,조정,실장,브리핑,전임,신재생,에너지,정책,드라이브,준비,시간,여유,말단,집행,사례,부실,집행,확인,설명,추진단,적발,사례들,수사기관,수사,의뢰,부당,지원금,환수,조치,예정,조사,대상,전국,확대,추가,점검,제도,마련,공언,조사,대상,전국,낭비,예산,추산,조사,결과,전임,겨냥,해석,한덕수,국무총리,출입,기자단,간담회,시작,태양광,지자체,간담회,추진단,문재인정부,1847억,문재인,사업자,한국에너지공단,금융지원사업,전수조사,대출금,방문규,합천댐,경남,합천군,정부합동부패예방추진단",2,0.9442964971215092
2022-06-04,"경찰, 최근 ‘김혜경 법카 의혹’ 관련 129곳 압수수색","경찰,의혹,김혜경,법카,압수수색,압수,수색,공동,취재,계양,인천,국회의원,보궐,선거,당선,이재명,경기도지사,배우자,김혜경,의혹,법인,카드,유용,수사,경찰,120여,업소,압수수색,확인,경기,남부,경찰청,경제범죄수사대,일주일,지난달,중순,김씨,법인카드,유용,의혹,수도,식당,압수수색,압수수색,식당,수원,성남,집중,상황,압수수색,철저,보안,진행,경찰,압수수색,확보,자료,김씨,법인카드,사적,이용,사용기간,금액,확인,방침,경찰,압수물,관련자들,대로,사건,관련자,소환,조사,계획,소환,대상,사건,제보,공익신고인,경기도청,비서실,비서,의혹,핵심,인물,총무과,거론,경찰,김씨,소환,통보,가능성,경찰,관계자,사건,수사,압수수색,진행,국민,12월,지사,김씨,배씨,3명,직권남용,국고손실,혐의,고발,국민의힘,김씨,후보,경기,지사,재임,2018년,3년,배씨,수행비서,주장,혈세,지급,사무관,연봉,김혜경,의전,사용,비판,2월,김씨,음식,배달,집안일,심부름,공무원,동원,개인,음식,경기도,법인,카드,결제,명의,불법,처방전,발급,의혹,직권남용,강요,의료법,위반,허위공문서작성,행사,국고,손실,업무,방해,증거,인멸,혐의,추가,고발,경기도,의혹,법인,카드,유용,특정감사,횡령,혐의,업무,배임,적용,경기남부경찰청,고발장,제출,고발장,배씨,경기도청,근무,법인,카드,사용,내역,경찰,고발인,조사,차례,경기도청,배씨,자택,압수수색,단행,강제수사,전환,김씨,압수수색,배씨,법인카드,김혜경,경기도청,경기도,경기남부경찰청,국회의원,총무과,인천,경찰청,고발장,사무관,직권남용,압수물,배우자",2,0.9442887985718946
2022-07-28,"""[우리 동네 교육청] 전옥주 연천교육장 """"모두 함께 꿈꾸는 학교 교육, 희망이 될 것입니다""""""","전옥주,연천,교육장,학교,교육,희망,성장,행복,연천교육,경기도,위치,교육,연천,학생,연천,교육,지원청,학생,중심,교육,학교자치,학교,마을,협력,학생,학교,인간,존엄,실현,학교,공간,확장,학교,연천,교육청,청정,자연환경,유물,역사,유적,자원,활용,학생,자신,발견,행복,성장,배움터,교직원,열정,자존감,일터,학부모,안심,신뢰,참여,교육,13개,공ㆍ,사립,유치원,초등학교,중학교,고등학교,각종,학교,적극,소외,교육문화,실현,리더십,교육공동체,소통,전옥주,교육장,연천,교육,지향,가치,연천,교육,교육장,다짐,2년,교육,학교,실현,교육,희망,가지,철학,학생,기초,학력,보장,교육격차,해소,행복,코로나19,학생,학습격,소외,학생들,학습,학생,기본,학습,상황,파악,맞춤,심리,상담,노력,교육,생태,확장,협력,체제,구축,교육과정,수레울,공동,교육,학교,협력,소통,교육과정,수레울,공동,교육,마을,확장,교육,생태,기회,제안,교육활동,운영,집중,현장,소통,현장,현장,만족,교육행정,교육장실,교직원,지역주민,유관기관장들,기회,교육주체들,중심,역할,최선,아이들,중심,소통,협업,효율적,당부,변화,시작,교육지원청,생각,교육청,하루,사무실,방문,직원들,인사,실천,팀별,개인별,점심,장소,일상적,정담회,자연,이야기,사람,업무,이해,친밀감,서로,위로,격려,신뢰,결과,직원들,자연,비전,공유,협업,문화,정착,개인,업무,전문가,책무성,자발성,발휘,조직문화,완성,자부,특징,교육,환경,고민,연천,교육,미래,현안,교육공동체,논의,협력,연천,논의,현안,학교,장점,지속,가능,학교,운영,연천,학교,학교,학교,교육,본질,추구,학생,역량,민주시민,성장,근본적,노력,직면,통폐합,위기,학교,장점,최선,학교,장점,지속,가능,교육,논의,지점,인구,감소,학교,학교,생각,지역사회,고민,협력,연천,학교,장점,교육,현실적,방안,대책,마련,실현,코로나19,교육,환경,원격수업,예상,학교,변화,연천교육청,미래,수업,혁신,중점,교육지원청,대응,디지털,기기,활용,수업,역량,강화,미래,수업,혁신,에듀테크,교사,연구회,중점학교,미래,수업,혁신,중점,학교,선도학교,온라인,교과서,선도,학교,수업,연천,디지털,기기,친숙,교사들,도움,생각,확보,농산,어촌,방과,후학교,운영비,경기,방과,마을,학교,운영,학교,방과후,활동,활성,진행,교육문화,학생들,소외,적극,교육공동체,초등학교,21실,꿈터,구축,경기,미래,교실,마을,교실,1실,안전,활성화,교실,운영,활성,기여,연천교육청,코로나19,학력,저하,해소,고민,연천집중센터,경기학습종합클리닉,연천,집중,센터,운영,학교,지도,요인,복합,학습,부진,학생,학생,학부모,담임교사,업무담당교사,협력체계,상시,협의체,구축,진단,학생,수준,결과,반영,수립,학습,상담,계획,운영,평가,순환,체계,운영,고등학교,학생,정신과적,초래,학생,심리,고위기,대상,상담,심리치료비,심리검사,개인,집단,상담,프로그램,즉각적,직접적,심리치료,제공,학부모,학교,참여,확산,협의회,학부모,네트워크,연수,네트워크,동아리,운영,학교,운영,위원회,연수,학부모회,자문단,구성,민주,학부모회,운영,최선,중점적,추진,교육정책,미래학교,소프트웨어,하드웨어,공간,중요,학교,공간,혁신,공간,구조,공간,고민,화진초등학교,군남중학교,연천고등학교,그린스마트,미래,학교,선정,모습,탈바꿈,예정,연천초등학교,미래,학교,공간,혁신,미래,학교,연천교육청,학교,미래학교,도약,변화,학교,환경,역량,고자,2025년,고교학점제,전면,적용,고교학점제,학생,자신,진로,중요,고등학교,단계,자신,과목,선택,공부,적성,소질,발견,진로,개척,연천,학교,규모,학생,불리,상황,사실,환경,연천ㆍ포천,가평,연대,고교,학점,마을,캠퍼스,지구,운영,학생,수요,반영,과목,과목,강좌,200여,참여,정도,반응,고교학점제,안착,협업,방안,부족,집중,교원,복지,연천,신규,교직원,배치,비율,신규,교직원,전보,요건,전출,기간,연천,근무,교직원들,연천지역,안정적,정주,도움,경제적,주거,환경,제공,고민,마지막,큰일,공유,2년,교육장,소통,생각,학생들,성장,성장,교직원들,성장,학생,교직원,연대,학부모,연천,미래,확신,연천,미래,격려,방향,최선,연천,교직원,학부모,고교학점제,고등학교,연천지역,교육지원청,교육장,학부모회,미래학교",3,0.947006540229969
2022-08-04,"""고복중 학생 '상상 속 도서관' 현실로 """"주인도 우리""""""","상상,도서관,고복,학생,상상,현실,주인,학교공간혁신,미래교육,대응,교육,환경,구축,분절적,공사,학교,시설,교실,영역,단위,통합,의미,학생,작업,학교,공간,설계,참여,민주,의사소통,의사,결정,역량,향상,교육,효과,충남교육청,감성꿈틀,이름,학교,공간,혁신,시행,학교,480억,예산,33개,영역단위,대상,선정,탈바꿈,학생들,교육,환경,학생,충청투데이,그중,선정,충남,학교공간혁신,편집자,학생,중심,학교,공간,고민,고북중학교,고북중,고북면,충남,서산시,위치,52년,역사,전통,중학교,고북중,성장,행복,꿈터,비전,교육공동체,학생,행복,학교생활,노력,감소,인구,자연,유출,우수,학생,학생수,감소,적정,규모,교육성,일환,학구,서산,시내,확대,통학버스,운영,학교,선호,학생,유입,고북중,지속,가능,발전,학교,공간,중심,학생,활동,공간,전면,미래,교육,학년,교과,융합수업,교육,방법,수업,가능,공간,마련,고북중,미래,사회,역량,인재,양성,사용자,균형,학교,환경,조성,성장,학생,양성,교육,추진,영역,단위,참여,사용자,참여,수업,공간,주권,학교,공간,혁신,특징,교육공동체,설계,참여,학생,교사,의견,반영,공간,조성,특징,고북중,전교생,교원,대상,사용자,참여,수업,진행,학생들,의견,수렴,설계,반영,학생들,도서관,단어,공부,독서,놀이터,컴퓨터,수업,독서,쉼터,소파,휴식,공간,독서,일지,표현,도서관,공간,혼자,공간,친구,이야기,공부,공간,색감,공간,보드,게임,놀이,공간,요구,고북중,학생,요구,바탕,도서관,역할,1층,2층,구분,도서관,놀이,학습,공존,공간,2층,개별,모둠,학습,융합수업,가능,공간,목적,설정,학생들,패들렛,활용,공간,이미지,공유,도서관,도면,구체화,도서관,설계,주체자,참여,고북중,공간,디자,워크숍,설계도,완성,학생,학부모,교원,대상,도서관,이름,공모전,전교생,교직원,40%,참여,정도,관심,전교생,교직원,심사위원,우수작,심사,선정,우수작,교육공동체,투표,1위,선정,도서관,스트레스,마음,1층,위치,도서관,휴식,스트레스,고민,공간,희망,의미,도서관,쉼터,상상,놀이터,보드게임실,무대,공간,영상,상영,전시,공간,구성,그중,학생회,운영,카페테리아,시작,수요일,시작,샌드위치,음료,학생,제공,학교,일과,시간,칭찬,배려,수업시간,참여,역할,최선,학생,쿠폰,지급,존중,배려,참여,문화,조성,상상,놀이터,학생들,놀이,공간,오락기기,설치,추후,예산,확보,가상현실,VR,기기,설치,학생,안전,교육,과학,보건,체육,수업,사회,교과,가능,예정,공간,영상,상영,학생,교육,활동,촬영,동영상,점심시간,창의,체험,활동,상영,학생,교육,활동,의미,이외,빈백,학생들,휴식,점심시간,삼삼오오,보드게임,방과후,통학버스,편안,도서관,미래역량,2층,위치,도서관,매체,친구,스스로,공간,희망,의미,도서관,모둠,학습실,학습실,학급,토론,동아리,활동실,독서,공간,바닥,난방,마루,공간,서가,공간,노트북,태블릿,활용,공간,수업,가능,학습준비물,구성,고북중,월요일,수요일,시간,독서,운영,월요일,2개,필사,감성,자신,자신,수요일,자신,관심,분야,진로,독서,활동,인문학,소양,고북중,도서관,교과,독서,연계,수업,주제,중심,교과,융합,수업,진로탐색활동,창의,체험,활동,수업,진행,점심시간,수학동아리,자기주도,학습,동아리,모둠실,활용,교사들,서가,활용,수업,모습,도서관,모습,고북중,2학기,정보,활용,코딩,수업,도서관,계획,겨울,난방,마루,학생들,추위,편안,독서,학교공간혁신,주인의식,2년,진행,고북중,공간혁신사업,학교,구성원,변화,학생들,학교,도서관,자신들,아이디어,변화,사실,자극,학생,학교,주인,실감,만족,학생,도서관,집중,친구들,공간,추억,행복,호평,교사들,감성,학생들,학교,공간,주인의식,교육,변화,확인,설명,도서관,고북중,학생들,수요일,학교공간혁신,점심시간,2층,1층,시간date,그중,사용자,월요일,충남,놀이터,통학버스,전교생",3,0.9410451738231654
2022-03-15,“멍청한X” “넌 어차피 안 돼” 폭언에 성추행까지 제주 A여고 인권침해 폭로,"폭언,성추행,제주,인권,침해,폭로,상담,다리,애들,나중,술집,제주시내,사립여자고등학교,교사들,폭언,욕설,성희롱,성추행,학교,인권침해,수준,주장,제기,제주학생인권조례TF팀,제주평화인권연구소,제주도,교육청,기자회견,제주,발생,인권,침해,사례,조사,결과,조사,네이버폼,졸업생,중심,30일,졸업,25%,87명,응답,학교생활,조사,결과,교사,폭언,57.5%,50명,응답,구체적,사례,부모,XX년,눈물,대학,대로,학생들,교사,폭언,학생들,교사,욕설,노력,무시,자존감,발언,증언,수업,친구,살인,범죄자,O정,학교,인격모독,비방,협박,체벌,성희롱,항의,80.5%,학생들,응답,학교,항의,책임자,학교,반응,조치,5.7%,피해,학생,무마,18.6%,피해,학생,불이익,7.1%,조치,35.7%,집계,조사,참여,학생,친구,담임,교장실,자초지종,설명,조치,생활기록부,신경,진술,교사,수업,방역수칙,교칙,모습,79.3%,교사들,수업,상담,마스크,의견,다수,제주학생인권조례TF팀,제주평화인권연구소,관계자,제주도,교육청,기자회견,제주,발생,인권,침해,사례,조사,결과,응답자,10.3%,성희롱,성추행,경험,상담,다리,상담,어깨,사례,제시,제주학생인권조례TF팀,제주평화인권연구소,폭언,조사,결과,교사들,시작,교사,사이,관성화,폭언,일상화,학생들,항의,학교,대응,파악,조사,의뢰,졸업,김모양,3년,선생님,욕설,폭언,사립,생각,폭언,친구들,하소연,구조적,자리,특정,교사,문제점,개선,호소,폭언,여성,차별,학업,성적,공개,개별,학생,모욕적,상황,상황,학생들,통제,수단,사용,주장,이외,물리,체벌,사례,증언,학교,규칙,방역지침,구성원,의무,교사들,무시,상황,지적,기자회견,제주교육청,인권,침해,실태,조사,결과,포함,진정서,전달,학교,대처,미흡,학생들,제기,학생들,진로,불이익,학생들,미성숙,존재,무마,수준,학교,대응,진상조사,진행,조사,학생,피해,개선,대책,인권,침해,가해자,조치,교장,학교,입장문,보고서,언급,사안,자체,조사,문제점,확인,재발방지,최선,노력,설문,보고서,성명서,의도,편향성,응답,빈도,폭언,빈도수,교사,교사,언사,반박,교사,과장,표현,객관,수치,감정적,자유응답,부각,통계,학생,생각,호도,객관적,자의적,기준,항목,교사,신상,매도,정황,설명,성희롱,규정,내부적,제기,학교,대처,미흡,사실,유포,유감,내부적,조사,공정,객관적,조사,교육청,요청,제주평화인권연구소,학생들,상처,이용,학교,진정,학생,인권,신장,건강,학교문화,조성,유익,생산적,활동,관계자,제주도교육청,학생,인권,교육,센터,학생인권,학생,인권,조례,공포,공식적,진정서,제출,학교,인권침해,정도,전체적,파악,피해학생,노출,피해,확인,상황,피해,사례,확인,개선,조치,제주,학생들,인권침해,교사들,제주도교육청,성희롱,졸업생,교육청,성추행,연구소,보고서,진정서,학생인권,관계자,불이익,문제점,가해자,제주평화인권연구소,김모양,제주학생인권조례tf팀,기자회견",3,0.9406198858152804
2022-09-30,경기버스 노조 총파업 철회..새벽 재협상서 극적 타결,"경기버스,노조,총파업,철회,재협상,타결,30일,사무실,경기,수원시,한국노총,경기,본부,노사,경기,버스,타결,김동연,경기,지사,왼쪽,기념촬영,경기버스노조협의회,제공,2022.9,뉴스1,사진,뉴스1화상,노사,경기도,버스,30일,재협상,극적,타결,총파업,철회,첫차,정상,운행,시민들,불편,해소,협상,시한,29일,12시,노사,이견,총파업,선언,노조,경기도,버스,30일,사측,추가,협상,타결,예고,파업,철회,단체,버스,노동자,경기도버스노동조합협의회,한국노총,전국자동차노동조합연맹,노조협의회,2시,수원시,한국노총,경기,본부,사무실,사용자,단체,경기도버스운송사업조합,2시간,협상,추가,진행,협상,양측,공공버스,민영제노선,버스,임금,인상,합의,개선,근로,여건,14일,배차,근무,작성,유급휴일,수당,지급,단체,협약,개정안,합의,협의회,예고,파업,철회,정상적,버스,운행,시작,재협상,출발,4시,진행,노선,운행,협의회,3시,경기지방노동위원회,지노위,중재,사측,최종,조정,회의,합의점,협상,결렬,선언,결렬,선언,사용자,노동자,장시간,운전,저임금,희생,강요,조합원,동지,총파업,동참,공지문,조합원들,파업,기정사실화,지노위,중재,노사,양측,자리,추가,협상,마련,상황,김동연,경기도,지사,4시,협상장,중재,가세,합의,급물살,지사,협상장,임기,준공영제,노선,시행,수도,임금,격차,해소,약속,노조협의회,관계자,초반,지사,현장,파견,공무원들,의지,공약,이행,전달,나중,방문,공영,전면,시행,도지사,확답,긍정적,평가,이젠,약속,버스,노동자,시민들,안전,이동,최선,사용자,단체,경기도버스,운송,조합,관계자,경영,최선,마련,임금,인상,노조,동의,합의,시행,공영,전면,경기,버스,서울,인천,전기,노사,갈등,극적,마무리,경기도,중재안,제시,시행,전면,계획,진행,관심,경기도,임기,도지사,공영제,전면,확대,추진,시군,노선,시군,주관,준공영,전환,시군,주관,전환,준공영,노선,재정,중재안,대상,준공영,전환,시내버스,규모,현행,버스,1.7명,1만,준공영,확대,1대,2.7명,7000여명,추가,고용,예상,고용,규모,재정,연간,전망,준공영제,경기도,재협상,총파업,관계자,김동연,한국노총,노동자,조합원,도지사,사무실,시군,사용자,개정안,협의회",3,0.9403451205572364
2022-09-21,"부산시, 지자체 여성폭력 통합대응 기관 첫모델 '이젠센터' 개소","부산시,지자체,여성,폭력,통합,대응,기관,모델,이젠,센터,개소,부산,여성,폭력,방지,종합,체계,구축,부산시,시장,박형준,기관,여성,폭력,통합,대응,지자체,설치,이젠센터,부산광역시,여성폭력방지종합지원센터,개소,26일,본격적,운영,그간,디지털성,범죄,스토킹,여성,폭력,피해,안전망,구축,사각지대,해소,지원내용별,분산,지원체계,신속,체계,통합적,대응,필요성,인식,개소,이젠센터,부산시,시민,현장,전문가,의견수렴,역할,부산,여성,폭력,방지,종합,체계,모델,구상,박형준,시장,시장,공약,2021년,추진,노력,결실,수립,기본,계획,선정,대상,건물,사전,절차,이행,11억,전액,시비,규모,지상,건물,리모델링,센터,설치,운영,재단,법인,부산여성가족개발원,위탁,이젠,E-Gen,성평등,Equality,Gender,영어식,발음,한글,합성어,이젠,성차별,폭력,부산,의지,시민,공모,선정,명칭,이젠센터,젠더,범죄,예방,사업실,여성,긴급,전화,부산센터,디지털,범죄피해자지원센터,조직,구성,여성,폭력,피해,신고,시간,접수,상담,피해자,연계,원스톱,운영,젠더범죄예방사업실,민간,사업장,성희롱,성폭력,예방,조직,문화,컨설팅,기관,협력,체계,구축,지역협력사업,시행,교육,홍보사업,디지털성,범죄피해자지원센터,피해,영상물,유포,피해,신고,접수,상담,피해,영상물,삭제,수사,법률,업무,연계,중점,수행,유포,피해,영상물,신속,검색,삭제지원,전산시스템,구축,예정,마지막,여성,긴급,전화,부산,센터,24시간,주야간,핫라인,전화,실시간,온라인,각종,여성,폭력,피해,긴급,신고,접수,상담,현장,출동,구조,연계,보호,기관,신속,업무,수행,개소,노포동,외곽,노후,시설,범전동,위치,확장,신고,대응,접근성,측면,피해자,보호,개선,부산시,부산경찰청,자치,경찰,시행,지자체,경찰,경찰,통합,업무,수행,가능,만큼,차례,논의,협업,사례,모델,구축,자치,경찰,인력,이젠센터,배치,젠더,범죄,피해자,원스톱,통합,상담,창구,운영,계획,스토킹,젠더,범죄,피해,사건,발생,초기,신속,상담,수사,연계,가능,박형준,부산,시장,젠더,유형,각종,폭력,연령,피해,유관,신속,체계적,대응,중요,유관기관,피해자,신속,보호,피해,예방,상호보완적,유기적,작동,이젠센터,허브,역할,피해자,부산,이젠센터,지자체,이젠,부산시,박형준,디지털성,부산센터,젠더범죄예방사업실,부산여성가족개발원,원스톱",3,0.9381082829585363
2022-07-21,저마다 배움의 속도 다른 아이들 사랑으로 보듬는 '대전봉명초',"아이들,사랑,대전봉명초,대전봉명초등학교,코로나19,촉발,학력,격차,해소,절감,기초,기본학력,책임,교육,학생,교육,회복,노력,인성,창의성,겸비,미래,사회,주인공,육성,교육비전,학생들,희망,학부모,기쁨,만족,교육,활동,기초,기본,충실,어린이,육성,학생,중심,경영,의지,교육,대전봉명초,사례,기초,학력,향상,프로그램,운영,편집자주,프로그램,개인,맞춤,선도,기초,학력,보장,대전봉명초,기초,기본학력,증진,대전교육청,학교,지정,운영,선도학교,기초,학력,보장,선도,학교,선정,예산,기초,학력,교육,운영,코로나19,장기,학력,격차,해소,학교,안팎,인력,예산,환경,개선,활용,기초학력,부족,학생들,개인,맞춤,학력,프로그램,중점,기초,학력,협력,수업,3~6학년,대상,학년,담임교사,중심,선발,협력강사,정규,교과,수업,수업,협력,보조,학생,참여,중심,수업,교실,학생,학습,방식,운영,학생,평가,담임교사,채점,학생들,오개념,자리,개별적,수정,효과적,피드백,가능,담임교사,협력강사,협업,긍정적,수업,분위기,형성,중요,역할,협의회,수업,역할,구체적,활동,방안,논의,학생들,효과적,수업,지원팀,교내,기초,학력,구성,기초,학력,부진,학생,요인,학습,부진,학생들,부진,교과,영역,수준,개별,프로그램,교재,학생들,기초학력,완성,대전봉명초,재직,교사,학급,다문화학생,기초학습부진학생,수학,수업,시간,협력,강사,1대,학생들,신장,학업,능력,도움,교사,선수학습,부진,학생,개별지도,학습,수업,참여,도움,협력,강사,수업,집중도,수업,학생,밀착,지도,수업,이해,수업,참여,학습,결손,해소,찬찬,협력,강사제,한무릎공부방,효과,저학년,대상,한글,문해,기초,문해력,보장,예방,학습,부진,찬찬협력강사제,운영,찬찬협력강사제,저학년,학년,학생,대상,협력수업제,협력,수업,담임,교사,수업,진행,찬찬,이해,학생,개별지도,학습,이해,학습,활동,재미,찬찬협력강사,담임,교사,수업,학생,상황,주기적,협의,효율적,방법,학생,지도,수업,적용,찬찬협력수업,효과,본교,입학,초기,학교,적응,어려움,학생,집중,교과,집중,학급,상황,융통성,방식,선택,기초,학력,증진,학생,학교,해결,한무릎공부방,3~6학년,대상,수요조사,진행,기초,학력,보장,학생들,18팀,구성,한무릎공부방,운영,한무릎공부,한동안,공부,우리말,한무릎샘,희망,교사,자발적,기초,학력,보장,자기주도적,학습력,신장,희망,학생,소규모,학생,4인,구성,휴업일,방학,학생,수준,수요,반영,학생,맞춤,지도,프로그램,교과,보충,집중,학생들,1년,방과후,2시간,62시간,한무릎샘,지도,부족,교과,공부,기초학력,향상,예정,한무릎공부방,참여,6학년,학생,학원,혼자,공부,학교,선생님,교육,학교,두드림,학교,의미,영어,Do-Dream,학생들,기초,학력,부진,학생,실현,Do-Dream,학교,우리말,착안,아이들,마음,학교,의미,학교,본교,두드림,교실,학교,학교,안전망,구축,학습,정서ㆍ돌봄문제,학생,학습,대상,복합적,요소,학습,저해,다각적,맞춤,프로그램,제공,학생,성장,동력,회복,학습,대상,학생,선정,기초,학력,진단,평가,결과,학생,선별,결손,조손가정,학생,정책,대상,조사,각종,누락,학생들,담임교사,관찰,추천,사각지대,아이들,지원대상,누락,두드림학교,학력,증진,프로그램,2명,방과,지도,강사,선발,학년,학생,수학,영어,교과,보충학습,방과,보충,지도,방학,기간,신장,학습,능력,발돋움,기회,방학,공부방,운영,학생,수준,특성,맞춤,학습,기초,학력,신장,노력,학생들,학기,마켓데이,참여,기회,부여,공부방,스티커,학용품,동기부여,학생들,학습,어려움,정서,문화적,어려움,해소,수학,사회,보드게임,가정,지급,가족,놀이,공부,경험,정서,지지,계획,대전학생교육문화원,운영,문화,활동,참여,문화,제공,예정,교장,김용신,대전봉명초,기초,기본,충실,어린이,학생,중심,경영,의지,교육,기초,학력,프로그램,내실,운영,교육,학년,맞춤,기초,학력,보장,최선,노력,학생들,담임교사,방과후,공부방,한무릎공부방",3,0.9380964002512536
2022-06-30,"""기상청 """"오전까지 수도권에 시간당 50~100mm 폭우""""""","기상청,수도권,시간,50~100,폭우,수도권,강원내륙,산지,200mm,중부지방,비구름대,위치,충남,경북,북부,내륙,20~70,사이,서산,중부지방,사이,수도권,시간,50~100,가량,폭우,수도,강원내륙,산지,충청권,호우특보,발효,수도,시간,30~50,가량,서울,인천,경기,강원,영서,중심,천둥,번개,동반,시간,50~100,피해,유의,서울,인천,경기도,충북,증평,음성,진천,충주,청주,충남,당진,홍성,서산,태안,예산,아산,천안,강원도,평창평지,횡성,원주,영월,호우경보,발효중,충북,제천,단양,괴산,강원도,강원북부산,강원중부산지,양구평지,정선평지,홍천평지,평지,춘천,화천,철원,호우주의보,발효중,정체전선,북쪽,이동,비구름대,영향,수도,강원영서,집중,수도권,강원,내륙,산지,200mm,수도,충북,50~150,충청권,남부,경북,북부,내륙,20~70,강원동해안,남부지방,경북북부내륙,제외,제주도,5~40,mm가량,기상청,1일,예상,산사태,사전,안전,대피,시설물,관리,안전사고,유의,계곡,하천,상류,하류,야영,자제,공사장,비탈면,옹벽,가능성,축대,붕괴,가능,침수,감전,사고,자동차,시동,유의,당부,250mm,지점,강수량,현덕면,서산,278.7,당진,242.5,태안,165.5,아산,163.5,평택,174.5,오산,168.5,처인역삼,용인,162.0,화성,148.0,증평,119.5,진천,118.0,금왕,음성,115.0,오창가곡,청주,107.4,폭우,교통,통제,서울시,상승,중랑천,수위,동부간선도로,구간,전면,통제,경기도,지하,차도,개소,교통,통제,인천,강화,피해,농작물,침수,발생,충남,청양,주택,침수,초등학교,부산,동래구,담장,경기,용인시,토사,유출,피해,발생,전국,최고기온,25~34도,예상,경북권,제주도,폭염특보,발효중,체감온도,33도,경북지역,35도,정체전선,북쪽,이동,남부지방,폭염특보,확대,예상,동해중부바깥먼바다,바람,초속,10~16,물결,2~4,경북북부내륙,수도권,서산,강원,경북,충남,충북,인천,강원도,아산,진천,태안,청주,당진,증평,비구름대,제주도,200mm,발효중,경기도,처인역삼,250mm,중랑천,동래구,금왕,충청권,정체전선,충청,남부지방,부산,중부지방,폭염특보,서울",3,0.9380634765306288
2022-02-16,"사방에 칠판이, 창가는 무대로 꿈을 심는 교실","사방,칠판,창가,무대,교실,스마트,미래,학교,혁신,모델,하늘,초등학교,서울,구로구,천왕동,하늘,초등학교,교실,신발,출입문,신발장,교사도,학생,교실,맨발,생활,교실,4면,칠판,학생들,수업,칠판,토의,활용,책상,활동,실내,체육,가능,이형,교실,창가,삼각,공간,건물,바깥,오수정,교육,혁신,부장,교사,학생,교사,수업,진행,교실,학생,수업,참여,설명,복도,학교,상징,솔빛길,1층,2층,3층,4층,공간,박공,지붕,계단,공간,쿠션,학생들,미끄럼틀,창문,나무,시설,친구,자유,대화,안전,최성희,교장,학생들,휴식,공간,토론,광장,소개,학년,학생,학급자치회,포스터,교내,회의,학교,카페,교무실,중간,연구실,학년,교사,각종,조리실,실험실,신경,교장,공간,창의적,구성,활용,학생들,행동,생각,학교,천편일률적,공간,하늘숲초등학교,미래학교,서울형,그린스마트,미래,학교,공간,혁신,모델,서울교육청,추진,꿈담,학교,교육부,역점,그린스마트,미래,학교,40년,노후,학교,미래지향적,공간혁신,친환경,스마트교실,학교복합화,안전,핵심,요소,484개,702동,선정,기획,설계,추진,학교,실제,공사,예산,국비,3000억,지방비,선정,설계,학교,공사,시작,518동,추가,선정,학교,이견,추진,서울,14개,선정,철회,절차,진행,공사,진행,학생,피해,목소리,손용남,서울시교육청,미래,학교,추진,과장,혁신학교,오해,정도,해소,다년간,장기간,공사,학생,피해,걱정,학부모,설명,공사,기간,공법,건물,수업,서울,강남,초등학교,컨테이너,학교,수업,반대,차관,정종철,교육부,계획,지난달,선정,대상,학교,선정,학교,구성원,절차,사전,동의,필수적,제도적,마련,동의,절차,의무화,설명회,공식적,문건,확인,보완,설명,교육부,학생들,서울,지방비,미래학교,그린스마트,공간혁신,오수정,출입문,손용남,서울시교육청,정종철,서울형,천왕동",3,0.9380592278816483
2022-03-15,“너네 부모가 잘못 가르쳐서”  제주 모 여고 '교사가 학생에 폭언' 인권침해,"부모,제주,여고,교사,학생,폭언,인권침해,제주,여고,교사,학생,욕설,폭언,인권침해,주장,제기,제주도,교육청,차원,교사들,학생,인권,침해,사례,조사,교사,대상,인권교육,요구,제주평화인권연구소왓,제주학생인권조례TF팀,15일,제주도,교육청,A여고,기자회견,1월,30일,네이버폼,이용,졸업생,대상,학생,인권,침해,기초조사,결과,폭언,학습,침해,성희롱,학생들,항의,학교,대응,방역수칙,학교,규칙,위반,개인,정보,유출,사생활,침해,물리,체벌,폭행,측면,학생,인권침해,조사,학교,학생,당사자,제기,시작,졸업,87명,설문조사,응답,조사,결과,응답자,50명,57.5%,학교생활,교사,폭언,부모,애들,나중,술집,남자,남편,생각,폭언,여성,차별,발언,교사,00년,욕설,학생들,주장,9명,10.3%,상담,교사,어깨,성희롱,성추행,경험,응답,응답자,26명,29.9%,소수교사,불성실,수업,준비,비계획적,수업,진행,학교생활,교육권,방해,구체적,온라인,수업,수업,학교,공부,학생,선정,교육,답변,69명,79.3%,교사,수업,마스크,방역수칙,위반,사례,목격,이외,20명,23%,교사,학생,동의,석차,성적,발설,학생들,개인정보,신상정보,유출,사생활,침해,경험,상임활동가,신강협,제주,평화,인권,연구소왓,상임,활동가,학생들,문제제기,불이익,학교,대처,미흡,무마,수준,학교,대응,상황,실질적,개선,관행화,학생들,응답,상황,재학생,졸업생,피해,추정,학교,학생,인권,상황,문제제기,특정교사,학생들,미성숙,존재,존재,학교문화,구조적,졸업생,학창시절,폭언,학생,당사자,상처,학생들,우월적,권리,보장,요구,교육자들,학생,존엄성,존중,방식,교육,단체,제주도교육청,학교,학생,인권,침해,사례,인권,관점,객관적,투명,조사,요구,조사,객관성,사실성,확보,외부,전문,인력,참여,피해학생,특정,협박,가해,발생,조사,결과,공식적,교사들,학생인권교육,시행,요청,진정서,제주도교육청,학생,인권,교육,센터,접수,제주도,교육청,실태조사,방법,검토,입장문,보고서,언급,사안,자체,조사,재발방지,최선,학생들,자유,부당,불합리,상황,학급,단톡방,구글,네이버,설문,링크,게시판,방법,극소수,선생님,상처,학생,피해자,선생님,피해자,대다수,선생,매도,가슴,기준,항목,교사,신상,매도,보고서,성명서,의도,편향성,제주도교육청,학생들,제주,졸업생,보고서,네이버,교육청,제주평화인권연구소왓,학교생활,응답자,제주도,신강협,선생님,성희롱,개인정보,피해자,방역수칙,교사들,대다수,문제제기,당사자,인권침해",3,0.9379846622589876
2022-09-14,우리학교는요 대구 동촌중학교,"학교,대구,동촌중학교,대구,동촌중학교,개교,2만,졸업생,배출,학교,학급,학교,예전,재학,학교,학교,공간,나무,생태,자연환경,여유,교육,공간,자랑,자주,자율,협동,교훈,미래,Happy,동촌,비전,미래,성장,육성,융합,인재,교육목표,혁신,미래,학교,공간,동촌중학교,대구미래학교,신규,지정,교육활동,교육과정,편성,운영,혁신,학교,공간,학생,잠재력,맞춤,교육,활동,미래교육공간,상상,제작소,활용,활동,연계,창의,융합,교육,학생,자치실,구축,민주,시민,의식,교육,활성,미래,교육,도서관,환경,조성,진로활동실,커리어,현대,작업,로드맵화,체계,진로,교육,로드맵,학교,교내,실외,학습,공간,조성,미래,학교,교육,효율,학교,공간,혁신,지속,추진,주민들,사용,텃밭,교육과정,연계,교육활동,추진,본질,충실,학생주,수업,운영,미래,역량,교육,성장,교육,추구,동촌중학교,수평공동체,단위,수평,공동체,자율전문학습공동체,소통,공감,기초,기본,학력,향상,교원,참여,탐구,학습,중심,교육,수업,평가계획,적용,피드백,학생들,과정중심평가,성장,수업,평가,안착,노력,학생,참여,동아리,테마,체험,학습,동촌중학교,자랑거리,학생,흥미,적성,취미,생활,특기,경험,학생,참여,동아리,테마,체험,학습,체험학습,교과,지식,방법,적용,체험,기회,제공,학교,학생들,동아리,부서,조직,운영,계획,수립,의견,제시,능동적,참여,배려,존중,문화,정착,학생,의견,수렴,희망,동아리,개설,활동,학생,중심,동아리,테마,활동,토대,계획서,체험,학습,작성,공모전,개최,공모,계획서,바탕,동아리,전일제,동아리,체험학습,동아리,테마,체험,학습,12월,품평회,피드백,제공,예정,고영오,동촌중학교장,교육공동체,일체감,조성,맞춤,인성,교육,중심,교육,편성,운영,공감,화합,소통,학교,교직원들,지도,학생,교사,학부모,교육,공동체,성장,행복,소통,공감,학교,학교,구성원,노력,대구미래학교,정수,약속,체험학습,교육과정,동촌중학교,공동체,계획서,교육활동,대구미래학교,학생들,대구,자연환경,동촌,로드맵화,교육공동체",3,0.9379052674357697
2022-01-17,첨단산업 창업 새로운 메카 '중랑창업플랫폼' 본격 운영,"첨단,산업,창업,메카,중랑,창업,플랫폼,운영,서울시,자치구,중랑구,선정,입주,기업,모집,결과,최종,유망,입주,기업,선정,입주,예정,입주,공간,창업,성장,교육,프로그램,투자,모집,체계,성장,구로구,창업,센터,참가자,강북구,공모,청년도전,프로젝트,영등포청년건축학교,집수리,인테리어,시공,시공,교육,모집,송파책박물관,초등,겨울,방학,진로,탐색,강좌,진행,노원구,장난감,도서관,무료,배달,서비,중랑구,구청장,류경기,중랑창업지원센터,거점,역할,중랑,창업,플랫폼,입주,기업,최종,선발,기업,유망,창업,본격적,육성,신내,지구,지식,산업,센터,중랑구,신내역로,위치,중랑창업플랫폼,별칭,맞은편,부지,추가,건립,본원,중랑창업지원센터,신내동,마중물,역할,수행,지난달,입주,기업,모집,결과,중랑구,서울,전역,90여,창업,기업,입주,신청,창업자,역량,성장,가능,다각도,평가,입주기업,산업,분야,유망,입주,기업,선정,입주,예정,중랑창업플랫폼,공간,제공,국한,창업지원,창업,성장,각종,교육,프로그램,운영,투자,체계적,종합적,성장,전문,구축,전문,12월,성균관대,글로벌,창업,대학원,킹고스프링,업무,협약,체결,입주기업,성장,창업,프로그램,기업,성장,비학위과정,운영,기업별,맞춤,멘토링,컨설팅,기업,초기,창업,자금,중랑창업지원펀드,조성,유망,기업,투자,연계,각종,창업,프로그램,공모,선정,예정,성장,기업,판로개척,투자설명회,데모데이,기업,홍보,투자유치,각종,정기,행사,개최,체계,산학,연관,협업,구축,확충,창업,생태,네트워크망,류경기,중랑구청장,중랑창업플랫폼,건립,중랑창업지원센터,신내,IC,첨단,산업,클러스터,조성,지속적,창업생태계,활성화,일자리,창출,경제,발전,기여,최선,구로구,구청장,이성,창업,센터,참가자,모집,구로구,우수,독창적,창업,아이템,창업,준비,주민들,벤처기업협회,창업,센터,참가,희망자,신청,17일,모집,대상,19세,예비창업자,예비,창업자,3년,초기창업자,초기,창업자,구로구,거주자,구로구,사업장,소재지,창업자,선발,모집,분야,창업,정보통신,지식콘텐츠,출판,디자인,마케팅,홍보,앱개발,게임,문화서비스업,선발,30명,기본,2~4월,심화,5~6월,구성,교육,프로그램,사무실,집기,회의실,사무공간,제공,참가,28일,구글폼,신청,신청서,사업요약서,필요서류,이메일,제출,신청,방법,강의,일정,사항,구청,홈페이지,소식란,참조,구로구,서류,면접심사,합격자,내달,개별통보,예정,구로구,2012년,청년,창업,센터,구로디지털단지,마리오타워,디지털,30길,8층,운영,구로구,2021년,512개,선발,창업교육,멘토링,네트워킹,프로그램,운영,375개,창업,성공,구로구,관계자,창업지원센터,창업,기업,창업,촉진,창업,성공,지원책,마련,최선,강북구,구청장,박겸수,강북,청년도전,프로젝트,공모사업,2월,참가자,모집,청년,도전,프로젝트,청년,기회,아이디어,실현,제공,청년,주도,사회,참여,활성화,능력,발전,기회,제공,추진,공모,4500만,편성,선정,최대,예산,공모주제,가능,코로나,상황,대응,온라인,적극,활용,청년,문화,발굴,건강,여성,청년,커뮤니티,활성,안전,복지,문화,향상,주제,각종,공공,청년,해소,아이디어,신청대상,강북구,거주,활동,19~39세,공고일,기준,청년,모임,단체,참가,희망자,신청서,구비서류,제출,접수,마감,2월,신청서식,강북구청,홈페이지,소개,알림마당,고시공고,소식,확인,사항,강북구청,일자리,경제과,문의,강북구,청년도전,프로젝트,청년,정책,정보안내,온라인,콘텐츠,강북에쎈쓰,강북,청년,강북브릿지,쓰레기,사진전,예술,강북구,청년,소개,달걀,플라스틱,러너,환경,메이트,플라스틱,러너,선정,박겸수,강북구,청장,도전,용기,청년들,강화,청년,역량,출발점,청년들,아이디어들,결실,적극,청년들,관심,참여,영등포구,구청장,채현일,영등포청년건축학교,건축,분야,창업,희망,청년들,도배,타일,목공,전기,전반적,시공,집수리,인테리어,시공,시공,운영,교육,참여,예비,청년,건축인,2월,모집,교육과정,동네,주거,개선,관리,기업,모델,구축,일환,창출사업,협력,일자리,창출,운영,건축기술,보유,청년들,자립기반,마련,교육,수료,청년,사회적,경제,조직,구성,조합원,활동,주거,환경,개선,모델,교육,모집,인원,10명,서울시,거주,18세,39세,청년,지원가능,교육과정,집수리,기본,이론,진단,실제,현장,맞춤,실습,집수리,전반,지식,시공,교육,예정,체계적,맞춤,교육,제공,기초과정,심화과정,단계,기초반,집수리,기본,이론,공구,사용법,도배,장판,타일,기구설치,기본,시공,심화반,구성,취약가구,방문,집수리,실습,예비건축인,훈련,전문,시공,계획,교육,진행,교육비,전액,무료,참여,희망,청년,2월,영등포청년건축학교,홈페이지,신청서식,다운,작성,제출,동일,수료,청년들,동네,주거,관리,기업,협동조합,설립,실현,청년,대상,집수리,시공,친환경,홈케어,교육,교육,운영,전문,건축인,발돋움,전폭적,계획,교육,일정,모집,사항,영등포청년건축학교,홈페이지,참고,영등포구청,사회,경제,또는영등포청년건축학교,문의,채현일,영등포구,청장,교육과정,건축,기본,이론,집수리,시공,전문,습득,기회,청년들,전문,건축,기술가,지역발전,주역,성장,청년,정책,마련,송파책박물관,초등학생,겨울,방학,진로,탐색,강좌,진행,창작,밀리언셀러,마당,암탉,황선미,사계절,출판,활용,작가,편집자,북디자이너,출판업,직업군,체험,도서문화,교양,교육,프로그램,어린이,초등학생,학년,보호자,대상,1월,28일,80분,2회,교육,실시간,온라인,진행,박성수,구청장,코로나19,문화,예술,체험학습,제한,초등학생들,기회,송파책박물관,송파구,자랑,어린이,청소년,주민들,수준,문화,향유,복합문화공간,발전,노력,송파책박물관,구민,대상,문화,예술,프로그램,운영,1월,나태주,시인,책문화강연,개최,도슨트,구민,대상,전문,양성,정기적,운영,기획,전시실,전성시대,기획,특별전,잡지,전성,시대,개최,한국,근대,종합,잡지,소년,순수,현대,출발,시문학,최고,대중인기,서울,주간지,선데이,한국,현대사,잡지,영상,150여,전시,동대문구,구청장,유덕열,임인년,壬寅年,새해,시행,정책,제도,유용,정보,2022년,발간,구청,누리집,게시,구민들,궁금증,해소,실생활,유익,정보,제공,제도,리플릿,제작,발간,제작,2022년,보건,복지,교육,문화,경제,환경,교통,안전,일반,행정,분야,정보,동대문구,구정,28건,정책,엄선,수록,한눈,크기,제작,수록,취약,계층,아동,대상,꿈동,한의약,건강관리,시행,고등학교,입학생,지급,입학준비금,대상,초등학교,입학생,확대,19~,34세,동대문구,거주,청년,대상,취업,자격,취득,활동비,시행,점포,시장분석,데이터,시각,마련,데이터,행정,발판,개편,동대문구,데이터,플랫폼,외도,출생아,200만,바우처,지급,만남,이용권,시행,영아,수당,지급,확대,아동,수당,연령,아이,양육,보호자들,사항,2022년,상세내용,게시,누리집,구청,종합,민원실,동주민센터,비치,동대문구민,확인,유덕열,동대,문구청장,2022년,보건,교육,교통,주민,관심도,정책,제도,구민,정책,추진,혜택,주민,정책,홍보,최선,노원구,구청장,오승록,장난감,배달,장난감,도서관,토이,toy,서비스,17일,시행,2008년,영유아,양육,가정,부담,장난감,구입,비용,공유문화,확산,장난감도서관,놀이아띠,운영,지점,놀이아띠,영유아,발달단계,도서,장난감,육아용품,3500여점,대여,배달서비스,장난감,대여,놀이아띠,방문,어려움,가정,코로나19,영유아,가정,놀이,활동,마련,배달서비스,17일,놀이아띠,정회원,대상,시범운영,시작,운영,돌입,정회원,무료,배송,이용,놀이아띠,지점,상계점,상계2호점,월계점,공릉점,2점,이용,장난감,최대,14일,대여,배달사고,방지,배송,수거,노원구육아종합지원센터,채용,전담,배달원,진행,시범,운영,결과,이용,횟수,확대,방안,검토,방법,배달,서비스,신청,노원구,육아,종합,센터,홈페이지,지점,선택,장난감,검색,배달,예약,설정,수요일,10시,대여건,신청,배달예약,마감,대여일,기준,하루,배달서비스,신청,장난감,배달,시간,평일,사이,반납,반납,2주,자동,지정,방문,지점,반납,가능,놀이아띠,5세,자녀,노원구민,이용,가능,회원,회원가입,노원구,육아,종합,센터,홈페이지,회원,가입,보호자,신분증,3개월,주민등록등본,지참,놀이아띠,방문,연회비,납부,놀이아띠,운영,상계점,상계3,4동,주민,센터,상계2호,노원중앙도서관,지하1층,월계점,월계헬스케어센터,3층,공릉점,공릉보건지소,4층,이용,세부사항,이용,사항,노원구,육아,종합,센터,홈페이지,확인,오승록,구청장,장난감,배달,서비스,접근,확대,아이들,놀잇감,안전,성장,가정,코로나19,시대,영유아,양육,불편,어려움,맞춤,정책,장난감,구로구,놀이아띠,구청장,홈페이지,집수리,동대문구,강북구,신내",4,0.9606430824340165
2022-01-28,"무안군, 지역경제 '新르네상스' 시대 연다","무안군,지역경제,르네상스,시대,연다,기업유치,창출,신규,일자리,지역경제,활성,도모,동력,산업,미래,먹거리,주춧돌,도자산업,특화,특구,형성,전국,최대,생활도자,클러스터,전남,무안군,사활,경제,활성,경제,활성,핵심,PLUS,기업,소상공인,지역사랑상품권,강화,196억,예산,투입,28일,바탕,지역발전,일자리창출,인구,유입,선순환구조,경제,활성,도모,총력,계획,침체,상권,활성,발행,무안,사랑,상품권,군민,재난,지원금,90억,몽탄,특화,농공,단지,유치,활동,전개,유치,기업,53억,투자,고용,27명,소상공인,창업자금,경영,안정자금,457개소,85억,중소기업,경영,개선,중소기업,육성,기금,출연,전남,뿌리,산업,선도,기업,육성,농공,단지,기업,맞춤,특화,스마트,공장,보급,확산,국내박람회지원,8개,추진,재생,에너지,융복합,무안,도지소,공인,특화,센터,설치,항공,산업,단지,조성,위축,경제,회복,선제,대응,결과,전남,지역경제활성화,행정,자치,일자리,창출,평가,우수기관,선정,성과,조성,미래,먹거리,산업,투자,유치,강화,경제도시,도약,미래,먹거리,창출,전략산업,투자유치,판단,산업,조성,100년,무안군,성장,전략사업,집중,균형,발전,2만,일자리,창출,계획,항공,정비창,항공물류,운항서비스,제공,항공,첨단,산업,시설,무안,항공,특화,산업,단지,준공,신선,농산물,해외,수출,육성,데이터,산업,중심,푸드,융합,산업,단지,지정,승인,무안국제공항,국가,항공,특화,산업,단지,항공화물물류산업,연계,첨단,항공,산업,클러스터,구축,농특산물,가공,제품,생산,시설,양파,몽탄,특화,농공,단지,분양,마늘,대표,작물,R&D,파속,채소,R&D,설립추진,과학,영농,국립,파속,채소,연구소,설립,추진,국비,345억,우량기,유치,역점,추진,코로나19,기업,투자심리,위축,투자,유치,활동,상황,중앙정부,유기적,협력체계,구축,전략적,투자,유치,활동,전개,방침,중소기업,성장,지역경제,상생,코로나19,중소기업,경영난,인력난,중소기업,안정적,경영,고용,안정망,확충,기업,무안,계획,중소기업,인재,매칭,해소,인력난,적극,구체적,105명,청년,일자리,매칭,디지털일자리,농수산,유통전문가,중소기업정규직프로젝트사업,1인,90만,인센티브,중소기업,중장년,고용,승계,사업장,비정규직,900만,정규,직전환,최대,무안,고용,복지,센터,홍보,강화,구인,상담소,운영,장려금,기업,800만,근로자,최대,청년,근속,수당,기업,2000만,청년,최대,청년희망디딤돌,166명,120만,특화기술,확대,병행,무안군스타기업육성,3개,1억,육성사업,전남뿌리산업,선도,기업,육성,2억,특화지원,농공,단지,기업,맞춤,특화,10개,8000만,중소기업,전자,상거래,택배비,20개,5000만,중소기업,중소기업,전시회,12개,3000만,판매지원,TV,쇼핑,방송,판매,4000만,중소기업,육성,기금,출연금,40개,8억,스마트,공장,보급,확산,6개,2억,일생활,균형,강화,아이,행복,플러스,1500가정,1억,청년,수당,100명,최대,180만,청년교통비지원,농공,단지,중소기업,청년,교통비,130명,최대,일자리,창출,우수,기업,기업당,2000만,노후,농공,단지,시설,정비,식당,체력시설,설치,도자산업특화특구,생활도자클러스터,전국,최대,생활,도자,클러,스터,무안군,도자기,원료,완제품,생산,공정,일관체계,최적,입지,지역특화사업,성장,무안,중심,전남,서부,생산량,우리나라,도자기,60%,차지,도자기산업,메카,자리매김,무안도자소공인특화지원사업,중기부,무안,도자소,공인,특화,선정,무안도자소공인특화지원센터,도내,설치,정부특화자금신청지원,공인지원,온라인,마케팅,강화,교육,경영,활성,디자,컨설팅,특화상품,포장재,제작,무안,우리나라,도자기,발상지,무안분청,강진청자,여주백자,무안,도자,역사,입증,원재료,고도화,바탕,청계농공,단지,중심,가동,도자,업체,우수성,도자,우수,홍보,특화발전산업,육성,계획,무안도자산업특화특구,용역,무안도자산업,중소벤처기업부,지역특화특구,지정,융복합도자지원센터,도자산업진흥원,복합,타운,조성,특화사업,규제,특례,적용,전국,최대,생활도자클러스터,형성,창출,주민,소득,고용창출,경제,활력,계획,무안,도자,32%,집적,이천도자기특구,매출,4배,전남도,대표,브랜드,명품,도자기,가치,목포대학교,협력,중소기업부,공모사업,지역연고산업육성지원,집적지,공인,공동,시설,구축,추진,중소기업,모델,발굴,사업화,도자산업,조례,제정,도자산업발전,근간,마련,계획,소상공인,정책,집중,무안,경제,회생,코로나19,장기,경제,침체,지속,소상공인,회복,무안,경제,회생,선제,필수,요건,어려움,소상공인,경영,안정,총력,계획,2년,소상공인,경영,안정,군비,56억,확보,소상공인,군민,대상,재난,안전,지원금,지역상품권,경제,회복,재정,투입,경영난,자금압박,소상공인,해소,긴급,자금난,소상공인,특례,보증,2억,규모,소상공인,조례,제정,415명,관내,소상공인,1인,최대,긴급자금,이자차액,2.5%,범위,2년,소상공인,부담,자금,융통,장기적,불황,담보,능력,부족,소상공인,자금난,해소,경영,안정,6000만,규모,소상공인,금융기관,대출,금액,이자,보전,2000만,업체,최대,이자,2년,42개소,전남신용보증재단,자영업,종합,센터,소상공인,업무협약,체결,전담직원,현장,관리,경영교육,마케팅,맞춤,경영,솔루션,제공,계획,소상공인,폐업,노령,생계위협,생활안정,재기,기회,제공,노란우산공제,가입장려금,2만,최대,24만,100여명,사업주,퇴직금,목돈마련,사망,후유,장애,최고,월부,금액,150배,보험금,지급,혜택,전통시장,골목상권,만세,프로젝트,지역경제,뿌리,소상공인,터전,전통시장,골목상권,경쟁력,자생,활력,정책,적극,추진,속도,전통,시장,상가,도지,재생,상가,대상,상가대학교,운영,경영혁신,변화,소비형태,적극,대처,방안,강구,전통,시장,임대료,감면,6000만,노후,시설환경개선,수산동,쿨링,시설,설비,현대,시설,전통,시장,무안,일로,비가림시설,주차장,장옥,고객편,증진,도모,대표,전통,시장,상인회,간담회,조사,고객,만족도,전통,시장,활성,적극,발굴,전통시장,문화,관광,특성,시장,육성사업,시장,매니저,보강,노후,소방,시설,시장,맞춤,추진,계획,골목상가들,폐업,증가,남악지역,중심,침체,밀집,활성화,상반기,골목형,상점,조례,제정,예정,상점가,등록,상권진단,환경개선,공동,마케팅,컨설팅,본격화,지역경제,활력,구조,경제,복안,발행,사랑,상품권,확대,지역경제,활성,견인,무안사랑상품권,증가,대비,1000억,확대,운영,자금,역외유출,방지,소비,촉진,증대,소상공인,매출,경기,부양책,마련,구입금액,10%,할인,연중,제공,경기,활성,탄력,계획,개인,카드,할인,구매,한도,100만,무안사랑상품권,카드,사용,홍보,결과,판매목표,조기,달성,가맹점,3470개소,무안사랑카드,충전,결제,편리,5235매,판매,무안,사랑,카드,사용,소매점,슈퍼마켓,편의점,일반잡화,34.5%,음식점,일반음식점,카페,33.5%,개인서비스업,이미용실,주유소,13.5%,학원,독서실,교육,7.3%,병원,약국,의료용품점,2%,문화,스포츠,0.9%,숙박업,0.5%,기타,차량정비,부품,전자제품,의류,안경,악세사리,신발,7.8%,지방,자치,정책,브리핑,사랑,상품권,효과,경제,활성,효과,상품권,월평균,매출액,가맹점,3.4%,증가,비가맹점,0.4%,감소,상반기,사랑,상품권,경제적,효과분석,발전,상품권,발행,규모,유통구조개선,할인,조정,전반적,수립,상품권,효과,운영,모색,계획,이광진,경제,과장,지원정책,소상공인,중소기업,경영안정,증대,실질,매출,지역경제,선순환구조,민생,경제,전반,회복,군민들,일상회복,최우선,경제,회복,역량,결집,무안,아시아경제,호남취재본부,중소기업,소상공인,무안,지역경제,상품권,활성화,전통시장,일자리,전남,지역사랑상품권,무안군,도자산업",4,0.9599611912496845
2022-04-20,[기획]스타트업 발굴・육성・성장・지역특화 4대 전략 추진...혁신창업 허브 도약,"추진,스타트업,발굴,육성,성장,특화,전략,혁신창업,허브,도약,코로나19,기업,창업,23만,돌파,혁신기업,주도,벤처,정도,역대,최대,규모,기업,경북,창업,3.5%,전국,대비,3.5%,전국,6위,2018년,8586개,지속,감소,추세,경북,수도권,대학,정작,창업,관심,유출,청년,인재,일자리,감소,심화,기술창업,경제,활성,시점,경북창조경제혁신센터,경북,혁신,창업,허브,경북,창조,경제,혁신,센터,센터장,이경식,경북,혁신,센터,역할,중요,경북혁신센터,한계,특화,분야,창업,성장,지역경제,희망,불씨,경북도,삼성전자,혁신,기관,협업,스타트업,발굴,육성,성장,특화,전략,추진,총력,경북지역,권역,동부권,서부권,남부권,북부권,창업,기업,확대,주력,포항,중심,동부권,창업,기관,연계,서부권,구미,중심,서부,정보통신기술,산업,연계,정보,통신,ICT,분야,창업,남부권,경산,중심,남부,대학,연계,청년,창업,안동,북부권,영주,중심,북부,지역자원,활용,창업,특화,창업프로그램,발굴,창업,기업,성장,허브,역할,창업,활성,양질,일자리,창출,체계,경북혁신센터,창업,기업,발굴・육성,고용,창출,매출액,증가,658억,외부,투자,유치,성과,2015년,누적,고용,3695명,매출액,증가,6885억,외부,투자,유치,1447억,아이디어,발굴,하라,창업환경,개선,창업문화,확산,중요,경북혁신센터,우수,아이디어,창업,도전,예비창업자,청년,인재,선제,발굴,완성,아이디어,전문가,검증,구체화,창업,아이디어,검증,제품검증,사업화,창업체계,실전,창업,체계,구축,청년창업,출발점,창업경진대회,스타,대학,창업,경진,대회,7년,3756개,참가,운영,예선,통과,대구,경북,창조,경제,혁신,센터,통합,창업,경진,대회,우승,방식,결선,진출,5개,2개,장관상,수상,쾌거,달성,중소,벤처,기업부,장관,수상,대구대,Muesli,서브컬처,음원,중심,전문,스트리밍,서비스,베타테스트,뇌파,조작,게임콘텐츠,과학기술정보통신부,장관,스튜디오팀,한동대,옵튜니티,스튜디오,시제품,출시,계획,조성,대학,창업,분위기,대학,실전,창업,강좌,프로그램,신설,학점,인정,강좌,대학,창업,이론,센터,창업,실습,중점,운영,영남대,시작,권역별,대학,참여,일상생활,아이디어,일상생활,창업,지스타,피치데이,334팀,그동안,참여,아이디어,검증,프로그램,창업,성공,미드바르,에어로포닉스,공기,식물,단점,개선,제품,후속지원,파장,부가,가치,작물,생산,LED,지속성,효율,지속,테스트,진행,센터,창업,육성,프로그램,지스타,드리머즈,17기,선발,팁스,TIPS,선정,삼성전자,경북도,협업,육성,성장,지스타,드리머즈,2015년,8년,파트너사,삼성전자,경북혁신센터,운영,아웃사이드,프로그램,20개,육성,매출,고용,80억,외부,투자,유치,성과,삼성전자,연계지원,참여,기업,만족도,삼성전자,요소기술전시회,기술세미나,3회,삼성전자,사내몰,입점,육성,기업,판로,6개,CES,공동,전시,2개,삼성전자,연계,제품,8개,판로,전폭,경북혁신센터,자체,투자,강화,창업,기업,글로벌,시장,진출,스케일업,주력,공공,투자,허브,역할,경북벤처펀드,추가,조성,창업전문기관,개인투자조합,운영,펀드,한국엔젤투자협회,매칭,기보엔젤파트너스,선정,창업,기업,투자,마중물,역할,81건,659억,투자유치,달성,인베트스먼트,포럼,16개,투자,IR,22개,투자,상담,진행,11월,확대,창업,기업,투자,경북도,투자사,참여,투자비전,민간액셀러레이터,참여,경북,스타트업,액셀러레이터,플랫폼,스타트업,글로벌,진출,2020년,한국액셀러레이터협회,액셀러레이터,민간,와이앤아처,비즈니움,아이빌트,티비에스파트너스,스마트파머,컴퍼니에이,협업,우수,스타트업,성장,기업,2억,투자,한국아이오티,아이빌트,중국,하얼빈,현지,법인,설립,제품,등록,진행,지앤비,비즈니움,도움,인도네시아,일본,해외시장,수출,달러,달성,특화,제조창업,확대,경북혁신센터,스타트업,중소기업,매칭,사업화,애로,해결,조기,신사업,모색,중소기업,창업기업,창의성,결합,기간,상품,개발・양산,상호협력체계,구축,스타트업,중소기업,밋업,추진,2019년,3년,63명,고용,창출,11건,매칭,공동,지식,재산,출원,투자,유치,수출,실적,달성,중소기업,스타트업,10개,매칭,소재・부품・장비,소부장,수요,대응,가능,혁신창업기업,발굴,창업기업,인프라,제공,테스트베드,판로개척,애로,해결,제조업,특화기능,지속,강화,계획,매칭,기업,로봇,정밀,기업,이스턴기어,에이치,감속기,국산,협업,진행,가속기,제조,설비,사업장,설치,공동특허,출원,이스턴기어,생산,포밍기용,가속,미국,GM,전기차,범퍼,생산,포밍기,72세트,수주,의뢰,일본,감속기,전문,기업,마키신코,테스트,샘플,납품,일본제품,의존,국산화,가속기,국산,기여,기업,전기,수소차,파워트레인,부품,제조,개선,감속기,베어링,공동,추진,계획,소부장,분야,창업,기업,육성,속도,경북혁신센터,중기부,총괄,창업진흥원,전담,스타트업,주관,기관,선정,2년,소부장,분야,첨단,제조,역량,확보,창업기업지원,수요,기업,SK,에코플랜트,기술전시,투자연계,설명회,페스티벌,상생,테크,Tech,Festival,공동,개최,삼성전자,현대차그룹,48개,수요기업,참여,EUV,장비,3D프린팅,광경화복합소재,수요,제시,성장,디딤돌,선정,창업기업,매칭,소부장,분야,해외,의존도,국산화,기여,총력,경북혁신센터,로컬크리에이터,역할,자원,고유,바탕,로컬푸드,제조,거점,브랜드,지역특화관광,로컬창업,수행,대표,크라우드,펀딩,사이트,텀블벅,연계,영남,펀딩,기획전,진행,펀딩,참여,7개,목표치,100%,달성,100%,아카데미,영남,로컬,창업,로컬투어프로그램,로컬페스타,프로그램,로컬크리에이터,제품,판매,촉진,활성,계획,공동기획,스타트업,삼성전자,경북,소부장,창업기업,경북혁신센터,감속기,일본,투자유치,경북지역",4,0.9550513553432071
2022-02-15,"""제윤경 경기도일자리재단 대표 """"일자리 사업 핵심은 미스매치 해소""""""","제윤경,경기도일자리재단,대표,일자리,핵심,미스매치,해소,경기도일자리재단,재단,도내,강소,기업,청년,중장년,경력단절여성,매칭,조력자,역할,수행,2년,재단,제윤경,대표,일자리플랫폼,접수,운영,서비스,강화,일자리,통합,접수,경기도기술학교,특화,교육,창업,혁신,경기도신중년일자리센터,세대,도내,맞춤,일자리,준비,일자리,핵심,미스매치,해소,강조,대표,재단,계획,재단,운영,경기도일자리재단,잡아바,JOBaba,회원수,이용,회원수,160만,누적고용정보,37만,개설,감안,수치,플랫폼,일자리,정보,교육훈련,정책,정보,무료,제공,취업,역량,진단,자기소개,컨설팅,인공,지능,AI,면접,구직,추천,서비스,취업자,사후,관리,서비스,추가,서비스,단계,취업,역량,강화,로드맵,취업,성공,개편,전문,직업,상담사,구직자,취업,체계적,임직원들,도내,강소,기업,임직원,인터뷰,기업,사내,문화,복지수준,업무환경,구직자,입장,정보,제공,기업관,메뉴,운영,일자리,통합,접수,호평,특징,경기도,일자리사업,온라인,신청,접수,대상자,선발,데이터,관리,편리,처리,일자리,통합,접수,운영,경기도,22개,추진,61만,신청,접수,지자체,공공,기관,행정안전부,협력,공공마이데이터,접수,신청,접수,서류,제출,소요,48시간,15초,신청,서류,자격,자동,검증,서비스,적용,공무원,업무처리,시간,단축,이용자,편리성,업무,효율,마리,토끼,덕분,경기도,민원,서비스,우수,사례,경진,대회,장려상,경기,적극,행정,우수,사례,경진,대회,공공,기관,우수,행정,안전부,주관,혁신,박람회,경기도,대표,우수,사례,출품,우수,성과,청년,중장년,여성,맞춤,일자리,눈길,대표적,지원사업,성과,청년,일자리,중소기업,재직,청년,대상,지원금,지급,취업,역량,강화,교육,제공,청년층,지급,각종,지원금,예산,총예산,재단,65%,차지,정도,비중,해소,일자리,미스,매치,역점,일자리,매치업,호응,추진,일자리,매치업,도내,우수,기업,발굴,기업,청년,구직자,3개월,일경험,해만,참가,청년,80%,정규,전환,성공,정도,성과,중장년,맞춤,창업,재단,운영,중장년,일자리,센터,일자리,알선,경기도,이음,일자리,중소기업,40대,교육,직무,역량,강화,재취업지원,맞춤,취업,차량,정비,코디네이터,ERP,생산,물류관리사,지게차,운전,기능사,교육과정,제공,창출,사회,공헌,일자리,집중,일환,중장년,인생,활동,금융복지상담,냉난방기,수리,중장년,교육,취약계층,일정,수당,방식,40세,신중년,세대,조기퇴직,은퇴,노후준비,사회활동,집중,경기도,신중년,일자리,센터,개소,경력,보유,여성,도내,여성,차원,경력,단절,예방,양성과정,이모티콘,크리에이터,HACCP,전문가,세무,회계,사무원,양성,전문,교육,운영,성과,창업,창업,미만,여성,기업,수출,달성,재단,도내,예비,창업자,창업,미만,여성,기업,대상,공용,개별,개척,사무,공간,창업,전문가,멘토링,자금,판로,단계별,체계적,덕분,창업,5년,재단,1인,창조기업센터,창업,보육,센터,입주,기업,생존율,94.1%,91.6%,일자리,취약,계층,배달,노동자,지원사업,추진,확산,소비문화,배달건수,폭증,배달노동자들,교통사고,사례,교통,법규,위반,증가,감안,재단,경기도,설계,운영,배달,노동자,안전,교육,일환,벌점,감경,교육,진행,배달노동자들,안전의식,실제,교육,배달,대행사,사업주,배달노동자,89.1%,사고,예방,도움,긍정적,평가,그동안,재단,전국,배달,노동자,산재,보혐,지원사업,추진,배달노동자들,해소,노동,사각지대,노력,결과,산재보험,배달,노동자,산재,보험,의무화,성남시,배달노동자,상해,보험,추진,일자리,일자리,교육,프로그램,무료,제공,경기도기술학교,경기도기술학교,국가,기간,전략,직종,연관,전문기술,무료,발전,도내,산업,청년,중장년,취약,계층,도민,취업,역량,교육기관,능력,교육,평생교육,취업,전문,생애,능력,교육,재직자,직무,능력,향상,교육,주민,평생,교육,실무,교육,1100여,제공,계획,건설현장,활약,건설,전문가,양성,숙련건설기능인력,교육과정,운영,전기,기계,용접,전문성,교육,청년,건축목공,기능사,여성,타일,여성,도배사,다수,배출,실무교육,현장실습,1800여,현장,건설,기능인,육성,이외,시대,산업,혁명,최첨단,분야,교육,운영,추가,반도체,빅데이터,인공지능,클라우드,교육,모집,강소,기업,취업,방침,일자리,경기도,중장년,노동자,배달노동자,교육과정,전문가,일자리사업,구직자",4,0.9550501689371672
2022-08-17,"""""""코로나로 쓰러진 中企 살리기 우선 안정자금 2200억 지원"""" [로컬 포커스 공공기관장을 만나다]""","코로나,中企,안정자금,공공기관장,로컬,포커스,공공,기관장,박성수,광주광역시,경제,고용,진흥원,이사장,산하,기관,경제,뒷받침,고유가,금리,최악,상황,이차보전,수출진흥자금,기업재기,고용,창출,유도,소상공인,주치의센터,운영,반영,현장,목소리,정책,확대,전남도,상생,발전,협업,추진,박성수,광주광역시,경제,고용,진흥원,이사장,36년,전남대,교수,재직,광주,전남,산학협력,산증인,이사장,산하,기관,일자리,창출,중추,역할,광주광역시,경제,고용,진흥원,제공,파이낸셜뉴스,광주광역시,경제고용진흥원,전문기관,역량,역할,낙후,광주경제,견인차,역할,성장,동력,최선,박성수,광주광역시,경제,고용,진흥원,이사장,파이낸셜뉴스,이사장,그동안,학자,교육,성과,실천,진흥원,명실상부,포스트,광주,경제,진흥,마지막,불꽃,강조,전남대,교수,36년,후학,양성,1980년,36년,교수,전남대,경영학,재직,후학,양성,광주발전연구원,전남발전연구원,통합,출범,광주전남연구원,원장,차관급,4년,역임,광주,전남,상생,발전,기여,산업,자원부,등록,사단,법인,한국산학협동연구원,창설,산학협동,경쟁력,입증,대구,산학연구원,정기적,교류,광주전남,전국적,산학협동,활성화,유명,한국산학협동연구원,회원,산업계,학계,유관기관,광주,전남,도민,지역민,2200여,이사장,광주시,경제,고용,진흥원,기관,산하,지역경제,선도,중소기업,소상공인,수출기업,일자리,중추기관,고장,발전,교육,봉사,수장,만큼,진흥원,소명감,그동안,역량,발휘,강조,조찬세미나,진흥원,자체,조찬,세미나,기관,세미,참석,독려,직원들,역량,강화,운영,하남산단,혁신,포럼,기업,경영마인드,마련,산학,협력,가교,광주시,경제,싱크탱크,역할,전문가,양성,협력,소상공인,육성,이사장,국정,광주광역시,민선,비전,실현,대응전략,회복,경제,도약,추진,적극,소통,육성사업,소상공인,육성,주력,계획,경영,위기,소상공인,원활,회생,재기,구조,개선,정리,회생,맞춤,컨설팅,위기,극복,소상공인,추진,예정,골목,상권,조직,골목상권,경쟁력,강화,경제,활기,소상공인,자생력,방침,자원,특색,활용,골목상권,주체,상인,주민,임대인,골목,경제,협의체,협력,골목상권,해결,브랜드,구축,고객,수요,창출,계획,광주시,중소기업,출연,자금,운용,활용,기업,환경,조성,자금,이차,보전,손실,보전,경영,안정,자금,자금,벤처,기업,육성,분기,변동,금리,구조고도화,자금,수출진흥자금,중소유통업,구조개선자금,경영,안정,자금,규모,2200억,대표,자금,업체,거치,일시,상환,조건,방식,이차,보전,시설자금,구조,자금,10억,중소기업,개척,해외,판로,수출진흥자금,3억,거치,일시,상환,조건,분기,변동,금리,이자,자금,고유가,고금리,기업,경영,부담,완화,진흥원,정책,코로나19,경제,위기,어려움,중소기업인,경영,정상,도움,설명,중소기업,확대,자금,코로나19,경기,침체,경영난,중소기업,운전자금,시설,투자,벤처,기업,육성,자금,확대,중소기업,정보,이용,유관기관,네트워크,조성,협력체계,마련,이사장,중소,수출,기업,자금난,해소,안정적,해외,판로,개척,활동,다각적,모색,근로자,수요,반영,문화,복지,프로그램,근로자,교통,증대,노력,지역사회,신뢰,기관,투명,참여,경영,강화,민관공동위원회,광주,경제,공동,관공동,위원회,중심,종합적,계획,소상공인,활성,추진,전통시장,증대,소상공인,매출,근로,환경,개선,현장,중심,소상공인,주치의,센터,소상공인,자영업자,고충,이해,강조,구축,맞춤,일자리,체계,이사장,소상공인,전통,시장,상인,완화,경영,부담,출시,광주,공공,배달,위메프오,활성화,고객,감사,이벤트,할인프로모션,홍보,마케팅,소상공인,상생,시민들,소비문화,정착,계획,코로나19,세계,경제,불안,고용,환경,변화,맞춤,일자리,체계,구축,계획,언택트,업무,수행,인력,인건비,기업,구직,희망자,눈높이,취업박람회,개최,일자리,로드,위기,근로자,대상,전직,취업,서비스,제공,강화,방침,이사장,진흥원,도움,소상공인,중소기업,입장,역지사지,易地思之,자세,현장,고충,애로,감안,지원정책,광주,전남,상생,발전,전남,협업,추진,계획,소상공인,이사장,진흥원,광주,일자리,중소기업,광주경제,골목상권,광주광역시,광주시,근로자,전남,코로나19",4,0.9533875405122026
2022-04-13,[대구창조경제혁신센터 기획]기술・청년・지역 중심 '창업 생태계' 완벽 구축,"청년,중심,창업,생태,완벽,구축,디지털,전환,시대,핵심,창업,출범,윤석열,조성,혁신,창업,생태,경제,활력,구상,창업,성공,혁신,아이디어,청년들,지자체,실현,창업,플랫폼,제공,중요,대구,청년들,자유,상상,현실,전지기지,역할,대구창조경제혁신센터,센터장,이재일,대구혁신센터,대구시,삼성전자,협력,스타트업,육성,창업,거점,자리매김,청년,혁신,창업,일자리,활성화,경제,활성,연결,역할,고리,코로나19,상황,벤처,스타트업,고용,증가,10.2%,전체기업,3.4%,수준,일자리,창출,청년,기술창업,역대,최고,달성,수도권,경제,인재,유출,심화,대구혁신센터,청년,창업,열기,확산,혁신창업,연쇄적,창업붐,조성,구축,연속,혁신,창업,체계,비전,방향,수립,창업사업,속도,혁신,아이디어,창업,도전,실현,벤처,수요,창업,기업,적극,반영,맞춤,마련,청년창업,스케일업,창업,네트워크,혁신,투자강화,온라인,창업,플랫폼,5대,35개,핵심,분야,추진,강화,청년,창업,경쟁력,청년,창업,대학생,청년,여성,소셜벤처,분야,창업,프로그램,확대,창업분위기,확산,안정적,정착,클러치,CLUTCH,프로그램,대구,메카,청년,창업,대구혁신센터,야심,기획,대구,슬러시,SLUSH,개최,유럽,최대,스타트업,콘퍼런스,청년,창업,도전,등용문,클러치,1년,80회,프로그램,개최,1595명,참여,신규,아이디어,발굴,성과,청년,창업,열정,확인,프로그램,아이디어빌딩,Clutch,플랫폼,창업,지식,공유,Clutch,창업,프로젝트,Clutch,Project,창업특강,Clutch,Speaker,창업경진대회,ClutG-Star,League,청년,창업,네트워크,결집,역할,수행,대학,대학창업활성화,협의회,추진,청년,성장,디딤돌,2018년,행정안전부,대구청년,소셜,벤처,육성,추진,소셜벤처,106개,27억,자금,청년,신규,채용,대구,소셜,벤처,육성사업,중소,벤처,기업부,소셜,벤처,육성,확대,추진,지원규모,비수도,소셜,벤처,경쟁력,강화,창업,도전,육성,스케일업,구축,특화,분야,맞춤,체계,대구혁신센터,특화,역량,보유,창업,기업,성장,사다리,구축,사업화,투자,네트워킹,스케일업,체계적,기술창업기업,에너지,데이터,의료,분야,멘토링,전략,고도,추진,대구시,추진,미래,산업육성,전략,미래,창업,생태,조성,지원사업,특화,분야,유망,스타트업,운영,사례,한국가스공사,지원사업,그린,뉴딜,창업,기업,추진,20개,육성,매출,신규,고용,투자,유치,성과,이달,참여기업,모집,대기업,스타트업,스타트업,분업,협력,혁신성장,도모,스타,해결사,플랫폼,스마트,스타디움,대구혁신센터,운영,롯데자이언츠,삼성라이온즈,한화이글스,구단,참여,대기업,스타트업,상생협력,대구혁신센터,중심,역할,계획,스타트업,성장단계,니즈,전문지식,네트워크,대구,혁신,센터,전문멘토단,구축,사업성공,전문멘토단,70명,분야,전문가,선발,대구창업허브,DASH,303건,오프라인,멘토링,밀착멘토링,담임멘토제,분야,전문가,종합적,멘토링,협진멘토링,프로그램,멘토링,전문화,멘토링,성장,네트워크,혁신,대구혁신센터,스타트업,경쟁력,강화,커뮤니티,활성,적극,추진,혁신,아이디어,보유,창업기업,분야,네트워크,체계,마련,창업활성화,도모,의미,개방,네트워킹,민간,주도,파트너십,핵심,발굴,인사이트,공유,네트워킹,채널,확대,운영,대구혁신창업협의회,스케일업,소셜벤처육성협의회,정기적,운영,창업기업,핵심,멤버,참여,효율성,네트워킹,프로그램,마련,소사이어티,네트워킹,프로그램,살롱,대시,Salon,de,Dash,대구경북과학기술원,DGIST,협력,운영,기술벤처리더과정,TVA,대표적,구축,민간,주도,파트너십,DGIST,대구테크노파크,대구스,케일업,허브,운영,참여,협력,기관,구축,스케,일업,성장사다리,추진,프로그램,스케,일업,파트너스,공공,민간,상생,협력,사례,우수,스타트업,집중,투자,강화,2014년,삼성전자,대구시,공동,운영,대표,스타트업,육성,프로그램,Lab,액셀러레이팅,창업,기업,스케,일업,극대화,3.0,도약,준비,액셀러레이팅,기준,기수,육성,기업,매출,1959명,신규,일자리,223억,투자,외부,투자,유치,성과,달성,졸업,기업,쓰리아이,3명,직원,출발,매출,직원,투자금,310억,확보,스케일업,속도,대구,대표,유니콘,기업,배출,비전,달성,고도화,3.0,준비,전략,스케,일업,가속,마련,대경벤처창업성장재단,한국벤처캐피탈협회,연계,자체,투자,역량,팁스,TIPS,운영사,투자자,네트워크,활용,사업자금,확보,계획,투자,창업,기업,시드,마련,대구스타트업리더스포럼,운영,대표,포럼,입지,포럼,40회,232개,투자설명회,진행,포럼,24개,19억,투자,유치,후속투자,엔젤매칭펀드,15개,36억,자금,확보,산업은행,업그레이드,NXET,리더스,포럼,준비중,창업,기업,투자,포트폴리오,확대,행사,공동,투자,유치,개최,예정,창업,DASH,하라,대구혁신센터,예비창업자,대구,예비,창업자,대시,창업,정보,플랫폼,오픈,그동안,창업지원기관,창업,기관,지원정보,통합,오프라인,대면,제공,정보,전주기,창업,기관,제공,창업,정보,편리,사업접수,결과통지,통합관리,집단지성,창의,아이디어,오프라인,창업멘토링,창업자,애로,사항,해결,전문,상생,제조,기업,정보,제공,매칭,상생제조,대구청년창업활성화,공간,CLUTCHus,구성,대시,청년,창업자,조력자,밀도,정보,멘토링,공유,종합,플랫폼,전망,스타트업,clutch,대구,창업기업,스케일업,dash,네트워크,소셜벤처,대구혁신센터,네트워킹,일업,혁신창업,창업자,오프라인,소셜",4,0.9520850315180461
2022-01-12,"대구시, 올해 2900억원 투자해 일자리 10만개 창출 목표","대구시,2900억,투자,일자리,창출,대구시,2943억,투자,일자리,창출,일자리,분야,투자,전략,마련,전략,효과,일자리,일자리,민간,고용,시장,자발적,총력,청년일자리사업,대구,지역주도,청년,일자리,미래,산업,민간,기업,신규,일자리,250개,창업,기업,성장,일자리,청년,대구,정착,시・도,전국,경쟁,전국,특・,광역시,최대,전국,규모,국비,확보,시비,591억,투자,대구,특성,86개,추진,신성장,활성화,핵심,산업,활성,일자리사업,산업,맞춤,일자리,59억,투자,고용혁신프로젝트,정책개발,고용환경개선,기업지원,취업연계,1200개,청년,일자리,기업,맞춤,창출,직업계,청년들,기업,현장,요구,필수,인력,자리매김,기간,고교,재학,안정,일자리,보장,단계,산업,맞춤,대학,진학,기회,제공,직업,교육,혁신,지구,교육부,교육청,산업단지,기업,대학,협력,추진,시비,포함,14억,투자,실무,인재,중소기업,청년,정규직,신규,채용,6개월,안정,일자리,청년,기업,270만,450만,채용지원사업,사회,초년,정규,채용,지속,추진,중소벤처기업진흥공단,대구,청년,재직자,내일채움공제사업,마련,중소기업,근무,청년,12만,부담,대구시,기업,공단,38만,50만,5년,적립,청년,3000만,원금,복리이자,목돈,지급,투자,청년,유지,안정,일자리,일자리,중장년,지원금,정규직,전환,고용,유지,장려금,중장년,중소기업,취업,추진,중장년,중소기업,재취업,경영,전문분야,중장년,경력,활용,혁신,전문,인력,채용,컨설팅,기업,맞춤,사회공헌,신중년,일자리,455명,스타트,채용,연계,일자리,마련,중장년,구직자,상담,경력진단,맞춤,교육,훈련,기업취업연계,취업,정착,제2,도약,체계적,실질,중장년,계획,중장년,시비,시비,추경예산,반영,규모,150명,계획,일자리,안정,강화,일시적,일자리,경제,어려움,취약계층,1만,시민,최대,실질,소득,보장,기본,버팀목,일자리,사다리,일자리,대구,희망,플러스,300억,공동체,일자리,20억,행정안전부,방역,일자리,25억,공공일자리,일자리,한시,단순,취업설명회,취업,정보,제공,일자리,센터,협력,민간,고용,시장,일자리,지속,연계,적극,계획,진입,고령,사회,노인,일자리,1138억,투입,3만,보장,노후,생활,굿잡버스,여성,일자리,박람회,전문,여성,인력,양성,창업,경력단절여성,1만,여성,일자리,50억,투자,계획,해소,일자리,미스,매치,직업교육,미래,일자리,변화,대응,직업,교육,강화,대구경북,대학,민간,공공기업,연계,대학리크루트,투어,운영,직업계,학생,참여,산업,단지,현장,학습,취업,취업,준비,청년,대상,청년,테마,취업,프로그램,기업,청년들,인식,전환,양질,제공,일자리,정보,해소,일자리,미스,매치,적극,대구지역인적,자원개발위원회,지역대학,훈련기관,디지털,선도,기업,협력,디지털,트레이닝,산업,특성,직업훈련,3100명,마이,크로소프트,대구,AI,스쿨,370명,휴스타,아카데미,양성,창업,분야,인재,170명,취업,역량,강화,투자,변화,미래,노동,시장,흐름,선제적,대응,문턱,민간,일자리,시장,진입,노력,창업・사회적,경제,개척,분야,일자리,미래,산업,대책,기업,유치,육성,마련,구축,혁신,창업,생태,30억,포스트,코로나,창업,벤처,펀드,조성,18억,차세대,선도,23억,282억,투자,창업,기업,스케,일업,생태,조성,급변,변화,미래,산업,요구,대응,계획,사회적,경제,기업들,뿌리,사회적,기업,일자리,재정지원,74억,마을기업,협동조합,육성,사회적,경제지원센터,운영,14억,사회적,경제유통지원센터,활성화,공공,구매,온라인,플랫폼,구축,128억,1만,가치,사회,실현,예정,권영진,대구,시장,시민,일자리,기업,인재,사람,기업,동반,성장,산업,구조,변화,일자리,시장,위기,고용,도약,발판,일자리,투자,적극,고용률,대구,고용,59%,충격,코로나19,일자리,53.6%,코로나,수준,회복,취업자수,청년고용률,44.4%,2010년,청년,실업,3.9%,통계청,자료,공개,수치,기록,청년,고용,지표,개선,실업,1월,개월,연속,일자리,대구,중장년,중소기업,1만,정규직,일자리사업",4,0.9506217418659503
2022-07-21,[고양특례시 청년정책 올인] 청년들이 살고 싶은 고양 ‘행복의 門’ 열린다,"청년들,고양,행복,제1전시장,고양아람누리,갤러리누리,전시장,청년,작가,전시회,시민들,작품,감상,일자리,고양,특례시,제공,주거,취미생활,자산형성,청년들,고양,고양특례시,청년들,적극,모습,취미,문화,생활,지원사업,일자리,보금자리,자산형성,형태,청년들,생활,전반,모양새,청년,자산,형성,청년내일저축,고양,특례,거주,청년들,내달,청년내일저축계좌,신청,청년내일저축계좌,3년,대상자,10만,저축,요건,10만,30만,추가,매칭,저축,상품,지원요건,가구,소득,인정액,100%,기준,중위,소득,100%,가구,기준,812원,가구재산,3억,근로,사업소득,월50,초과,만19세,34세,청년,10만,가구,소득,인정액,50%,기준,중위,소득,50%,가구,기준,406원,기초생활수급가구,차상위가구,만15세,만39세,근로,사업소득,10만,저금,30만,추가,목적,주거,청년둥지론,청년,주거,해결,고양,청년,둥지,청년둥지론,한국주택금융공사,NH농협은행,협약,청년,가구,분기별,50가구,가구,최대,5천만,추천,전세,임차,보증금,대출,대출,이자,최대,지원대상,공고일,고양시,기준,주민등록,전입,청년,가구,세대주,세대주,인정,소득기준,미혼,기혼,부부,합산,생계,의료,주거급여,수급자,공공,임대,주택,거주자,거주예정자,포함,고양시,주거사업,기타,유사,주거,참여중,신청,가능,주택,임차,보증금,임차전용면적,주택,고양시,소재,주거,오피스텔,신청,고양시청,청년,담당관,신청서류,제출,신청,대상자,신청,NH,농협은행,고양시,지부,사전방문,대출,가능,여부,상담,하순,한시적,20만,최대,1년,특별지원사업,신청대상,중위소득,청년,가구,기준,중위,소득,60%이하,원가구,기준,중위,소득,임차,보증금,월세,주택,거주,만19,34세,청년,일자리,한눈,일자리,종합,안내서,발간,고양시,일자리,정보,고양시,일자리,종합,안내서,발간,공공일,자리,취업,교육,프로그램,재정,일자리,정책,청년,청년,일자리,정보,여성,장애인,중장년,노인,대상자별,취업,일자리,교육,재정,지원유형,제작,책자,고양시통합일자리센터,상담창구,거점,일자리,상담,창구,대표적,고양시,청년,진로,교육,프로그램,학교,고양,미네르바,운영,미네르바,학교,창의,혁신적,사고,해결,기법,설계,사회혁신,프로젝트,청년,해결,역량,컨설팅,아이디어,고도,프로그램,20일,8주,진행,교육,환경오염,기후위기,편향,오용,가구,증가,저출산,가족,개념,변화,고령,세대,갈등,메타,버스,시대,상호,작용,감소,사회문제,착안,주제,도출,방식,진행,고양시,청년들,문화,예술,활동,청년,취미생활,문화생활,향유,소확행,취미,클래스,운영,고양시,청년,공간,청취다방,청년들,취업,소통,수다방,소확행,취미,클래스,일상,청년들,체험,기회,제공,자신,프로그램,라탄공예,펀칭니,도자,공예,동양,취미교실,예정,28일,라탄트레이,원데이,클래스,계획,수업,청년들,요청,시간대,운영,신청,홈페이지,고양시,청취,다방,청년,기획,청년,작가,전시회,13일,17일,5일,제1전시장,고양아람누리,갤러리누리,전시장,전시회,청년작가들,회화,조각,일러스트,웹툰,장르,미술,작품,한자리,감상,전시회,행정안전부,경기도,청년,주도,지역활동,문제해결,목적,공동체,최대,활동비,공모사업,청년,공동체,활동,공모,일환,청년,단체,햇살,스튜디오,대표,김지명,협력,진행,눈길,고양시,일자리,고양,전시회,청년들,10만,문제해결,중위소득,34세,대상자,자산형성,고양특례시,라탄공예,고양아람누리,소확행,보증금,3억",4,0.9500249934783533
2022-02-24,"창원시, 인구유입 환경 조성 위해 인구청년정책 정조준","창원시,조성,인구,유입,환경,인구청년,정책,전반,시민,생애,전반,개선,추진,분야,청년의날,기념식,제공,창원시,경남,창원시,심화,저출산,고령화,적극,대응,조성,인구,유입,환경,인구,청년,정책,6734억,투입,23일,보장,시민,생애,전반,기본,출산,보육,청년,일자리,주거,노후,인구대응,분야,인구,정책,실행,계획,수립,추진,정책,번째,출산,장려,강화,난임,부부,시술비,횟수,최대,시술,1회,최대,지원금,확대,출산,장려금,만남이용권,200만,추진,출산장려금,50만,200만,동시,지급,임산부,대상,공영,주차장,주차,요금,감면,정책,시행,책임보육,아이,도시환경,공보육,강화,국공립,어린이집,확충,의창구,중동,장난감도서관,시립어린이집,공동육아,완비,육아종합지원센터,준공,내년,마산,회원구,석전동,놀이체험시설,시립어린이집,아이행복센터,준공,내년,맞벌이,부부,보육,부담,0세,경남,창원,전담,어린이집,5곳,지정,운영,청년,투자,경제,자립,일자리,확충,임금근로자,3년,적립,청년내일통장,미취업청년,200만,청년구직활동수당,청년구직자,면접정장,무료,대여,면접,정장,무료,대여,청년,청년,발굴,도출,청년해커톤,행사,개최,청년,주거,부담,경감,정책,확대,대학생,취업준비생,시영아파트,임대,임대보증금,90%,청년,드림하우스,공급,재개발,재건축,주택,청년,신혼부부,확대,특별,공급,기회,기준,용적,인센티브,마련,추진,지원사업,청년,월세,특별지원사업,국토부,청년,월세,한시,특별,수혜대상자,20만,최대,청년,신규,시행,추진,신혼부부,3세,자녀,양육,가정,대상,창업자,최대,주택대출이자,창업희망론,시행,구직활동,국가,자격증,시험,토플,토익,외국어,시험,응시료,1인,최대,일환,고용,활성,1만,정규,일자리,창출,한화디펜스,두산중공업,해성,DS,삼현,관내,굴지,기업들,업무협약,160억,투입,청년,일자리,포부,어르신,건강,여유,노후지원,전용,놀이터,여가,놀이터,조성,가포,용원지역,파크,골프장,외국인,주민,플랫폼,구축,진해구,중심,플랫폼,구축,한국어,교실,맞벌,학습지원,교육,강화,다문화가정,정주,여건,개선,시책,발굴,예정,추진,의과,대학,설립,도시,브랜드,향상,조성,선호도,교육,인프라,수도권,의료,격차,해소,예정,일자리,어린이집,200만,석전동,응시료,창원시,면접정장,선호도,신혼부부,시립어린이집,경남,0세,놀이터",4,0.9496119582224708
2022-04-21,[과학의 날] 벤처기업의 든든한 조력자 대덕이노폴리스벤처협회,"벤처기업,조력자,대덕이노폴리스벤처,협회,대덕이노폴리스벤처협회,벤처협회,대한민국,경제,성장,동력,창출,전진기지,대한민국,벤처,요람,대덕연구개발특구,위치,벤처기업들,대전,글로벌,혁신,클러스터,성장,중심,발전,벤처협회,대덕특구,중심,기업,정보교환,공동협력,경영,지식,교류,활성,벤처,기업,확산,촉진,목적,1996년,설립,26년,중소벤처기업부,비영리단체,협회,4차,산업혁명,출발지,대전,충청,중소,벤처기업,성장,발전,채용지원,인력,채용연계,근로자,인건비,장기근속유도,재직자교육,창업성장지원,교육,투자연계,컨설팅ㆍ인큐베이팅,기술사업화,글로벌,진출,역할,수행,중소,벤처기업,조력자,역할,협회,청년,고용유지,청년도약일자리장려금,청년내일채움공제,청년,기업안착,일경험,프로그램,벤처기업,인력채용,교육훈련,향상,기업,적응력,발굴,우수,인재,육성,벤처,기업,공동,채용,훈련지원사업,일학습병행,청년내일채움공제,채용지원활동,수행,사업수행,기업,특화,수행,코로나19,장기,어려움,채용시장,활기,협회,성공,벤처,기업,확산,촉진,정책아이디어,발굴,산학,연간,네트워크,강화,벤처,기업,육성,노력,대전,대덕,특구,협회,보육,네트워크,인프라,성공,선배기업인,성공,노하우,투자재원,융합,유망,초기,창업자,가속화,성공,창업,가속,주력,한국노인인력개발원,시니어인턴십,운영기관,선정,고령화,해소,중장년,일자리난,기업,사회,가치,실현,희망,창출,가교,중추,역할,수행,시니어,인턴십,보건복지부,재정지원사업,60세,고령,근로자,채용,기업,3개월,40만,최대,한도,약정,급여,50%,인턴지원금,인턴,종료,6개월,고용계약,체결,채용,지원금,추가,지급,최대,가량,지원금,수령,인턴기간,포함,18개월,근무,개월,6개월,계약,연장,장기근속,유도,장기,취업,유지,지원금,1인,90만,원씩,추가,참여,대상,기업,4대,보험,가입,사업장,기업,60세,근로자,고용,의사,참여신청서,제출,승인,참여자,채용,협회,고령자,사회,활동,참여,계속고용,유도,기업,시니어,숙련,노하우,전수,세대,통합,성과창출,유도,불안,중장년,고용,시장,활기,코로나,장기,취업,애로,청년,정규직,채용,6개월,최장,인건비,청년,일자리,도약,장려금,수행,국민,취업,제도,경험,프로그램,국민,취업,제도,참여자,직무,기회,고취,제공해,구직,의욕,직무,능력,향상,취업가능성,추진,신규,채용,직무,여부,경험,중요시,기업,경험,근로자,연계,근로자,장기,근속,유도,기업,기업,직무,경험자,연계,참여주체,만족도,긍정,성과,창출,협회,벤처기업,소통,벤처,기업,네트워크,활성,기업,네트워크,운영중,유명,연사,초청특강,기업인들,지식함양,최신,경영트렌드,교류,강화,대전벤처CEO포럼,운영중,코로나,여파,규제,완화,확대,기업,운영,네트워크,활동,취임,김병순,나노하이테크,대표,회장,회원들,결속,협력,협회,활성화,벤처,창업,활성,청년,펀드,구성,창업,멘토링,확산,기조,민간차원,성장,생태,조성,노력중,네트워크,벤처기업,근로자,6개월,지원금,중장년,활성화,참여자,코로나,시니어,제공해,60세,기업인,3개월,대덕,장려금,일경험,대한민국,시니어인턴십,조력자,장기근속",4,0.949438045238599
2022-07-20,재유행 하루 30만명 예측 코로나 병상 1435개 확보 행정명령(종합),"30만,하루,예측,코로나,병상,확보,행정,명령,종합,시나리오,변경,병상,4000개,추가,확보,요양병원,시설,중단,대면,면회,치료제,확대,패스트,트랙,대상,오미크론,오미크론,계통,변이,확산세,예상,진행,4000개,코로나19,전담,병상,추가,확보,요양병원,시설,대면,면회,중단,확충,검사,역량,전국,임시선별검사소,70곳,자가,검사,키트,판매처,코로나19,중앙,재난,안전,대책,본부,이기,제1총괄,조정관,보건복지부,제2차관,주재,서울청사,영상,회의실,중앙부처,광역,자치,단체,코로나19,대비,방역,의료,대응,추가,대책,현황,지자체,코로나19,조치사항,논의,결정,접종대상자,백신,접종,대상자,50대,확대,안정적,의료,대응,체계,구축,대비,방역,대응,방안,일주일,20만,유행,규모,30만,병상,추가,확보,방역당국,20만,신규,확진자,하루,발생,대비,병상,재가동,계획,병상,추가,확보,선제적,병상,행정명령,발동,병상,가동,병상,단계적,재가동,보유,병상,15만,대응,당국,설명,기간별,일주일,병상,2주,병상,3주,병상,확보,예정,방역총괄반장,박향,중앙,사고,수습,본부,방역,총괄,반장,병상,확보,상황,현장,의견,병원,일주일,가능,인력,재배치,입원,환자,병실,2주,의견,가능,순서,진행,예정,방역당국,요양병원,시설,정신병원,시설,종사자,대상,유전자증폭,유전자,증폭,PCR,검사,시행,허용,대면,면회,비접촉,면회,허용,외부,감염,요인,차단,감염,취약,시설,보호,운영,지자체,전담,대응,조직,현장,대응,강화,시설,입소자,확진,치료제,적극,투약,위중증화,방지,60세,고령층,고령,면역저,요양병원,시설,입소자,대상,패스트트랙,적용대상,기저질환자,정신병원,장애인시설,입소자,확대,진단,처방,입원,처리,하루,진행,코로나19,진단,검사,진료,처방,처리,원스톱,진료,기관,6500개,이달,1만,확대,지정,코로나19,치료제,34만,명분,내년,상반기,60만,명분,94만,명분,추가,물량,추가구매,조기,단축,일정,유행,상황,대비,계획,검사,역량,임시선별,검사소,자가검사키트,판매처,확대,증가,검사,수요,역량,확대,전국,축소,임시선별검사소,확충,수도,55개,비수도,임시,선별,검사소,설치,운영,예정,질병관리청,서울시,1개소,구별,예정,개소,설치,경기,인천,개소,수도,중점,설치,주말,요구,야간,검사,보건소,선별,진료소,20일,연장,운영,시행,주중,일과시간,운영,선별진료소,주말,야간,운영,약국,병원,야간,휴가철,휴게소,검사,관리,진단키트,수급,강화,스마트폰,애플리케이션,전국,편의점,현황,진단키트,보유,실시간,파악,신고,진단키트,판매업,한시적,면제,편의점,판매,허용,편의점,의료,기기,판매업,신고,2만,판매,가능,전국,편의점,자가검사키트,판매,당국,2.75,지속적,발생중,신규,변이,신속,감시,기관,63곳,105곳,확대,변이,위험,면역학적,생물정보학적,추가,고도화,예정,국민,참여,일상,방역,생활화,고위험군,불요불급,외출,만남,최소화,3밀,밀폐,밀집,밀접,시설,방문,실내취식,신체접촉,자제,방역수칙,제시,자발,거리,실천,여건,조성,공공기관,공공,분야,실내,마스크,상시,착용,재택근무,활성화,회의,활성,불요불급,자제,모임,행사,회식,자제,방역지침,솔선,시행,민간,유급휴가,재택근무,원격,수업,활용,직장,학교,학원,제도,정착,협력,강화,계획,사회전략반장,손영래,중수본,사회,전략,반장,유급휴가,범부처적,고용노동부,중심,각종,경제,단체,근로단체,논의,노력들,근로자,환경,증상,출근,결과적,규모,집단감염,발생,손실,이해,문화,정착,당부,기준,코로나19,신규,확진자,7만,일주일,13일,4만,1.90배,2주,6일,1만,3.95배,증가,코로나19,일주일,진단키트,편의점,판매업,2주,치료제,검사소,재가동,지자체,자가검사키트,확진자,판매처,불요불급,재택근무",5,0.9565381721038748
2022-01-24,"""우세종 된 오미크론 """"신속검사 양성 나와야 PCR 검사""""""","우세종,오미크론,신속,검사,양성,PCR,검사,정은경,질병,관리청장,24일,질병관리청,충북,청주시,질병,관리청,감염증,신종,코로나바이러스,코로나19,오미크론,점유,추이,발생,현황,특성,현황,당부사항,연휴,당부,사항,연휴,변이,코로나19,오미크론,우세종,오미크론,대응,방역,의료체계,전환,추진,오미크론,확산,발생,확진자,예상,만큼,한정,의료,방역,자원,고위험군,진단,치료,투입,방향,방역체계,전환,방침,중심,일반,의료,기관,의료,체계,전환,시행,중앙,방역,대책,본부,방대본,1월,오미크론,오미크론,검출률,50.3%,우세종,기준,50%,직전,검출률,직전,검출,26.7%,23.6%,일주일,사이,23.6%,포인트,증가,오미크론,변이,우세종,전환,방역,대응,체계,추진,방침,한정,방역,자원,효과적,활용,확진자,규모,통제,고위험군,신속,진단,치료,집중,대응,체계,전환,위험,시민,불편,증가,진단,신속성,저하,오미크론,확진자,급증,상황,고위험군,진단,치료,집중,대응,체계,전환,입장,방역당국,오미크론,중증화,전파력,단기간,발생,방역,감염,발생,의료대응,부담,진단,검사,체계,개편,광주,전남,평택,안성,시범,중증,사망,최소화,선별진료소,전국,보건소,선별,진료소,유전자증폭,PCR,검사,중심,환자,운영,계획,위험도,일반,시민,상대,선별진료소,자가검사키트,활용,검사,시행,예정,진단검사,체계,개편,전면,26일,광주,전남,경기,평택,경기,안성,오미크론,우세화,4곳,시범,26일,고위험군,선별진료소,PCR,검사,고위험군,확진자,밀접,접촉,분류,검사,역학,연관자,의사,소견서,60세,사람,항원,검사,양성,확인자,24일,선별진료소,광주,북구,선별,진료소,보건소,직원,코로나19,검사,의뢰,검체,광주,북구청,제공,이외,검사,희망자,선별진료소,자가검사키트,검사,양성,호흡기전담클리닉,지정,근처,의원,전문가,속항원,검사,양성,PCR,검사,호흡기전담클리닉,진찰료,의원,5000원,기준,본인,부담금,본부장,정은경,방대본,질병관리청장,정례,브리핑,26일,체계,전환,적용,예정,전국적,1월,2월,확대,시행,준비,26일,접종,추가,개편,방안,검토,방역,부담,26일,백신,접종,확진자,격리,기간,7일,확진자,밀접접촉자,백신,접종,자가격리,수동감시,전환,밀접접촉자,미접종자,7일,격리,당국,이외,백신,접종,밀접접촉자,마스크,격리,제외,격리,방식,추가,개편,방안,검토,방역총괄반장,박향,중앙,사고,수습,본부,방역,총괄,반장,KBS,라디오,최경영,최강시사,인터뷰,접촉자,마스크,15분,대화,사람,격리,방식,24일,서울,중구,서울광장,임시,선별,검사소,시민들,검사,대기,뉴시스,역학,조사,증가,확진자,대응,불가능,상황,만큼,중심,전환,당국,기업,상대,전수검사,투망식,역학,조사,가족,고위험군,상대,조사,주력,방침,확진자,증가세,만큼,일반,의료,기관,중심,의료,체계,전환,시행,계획,전해철,중앙,재난,안전,대책,본부,중대본,2차장,행정안전부,장관,중대본,회의,발언,규모,일일,확진자,증가,상황,대비,지자체,관리,의료,기관,1월,수준,확대,최대,재택치료자,감당,외래진료센터,중순,규모,확대,동네,의원,코로나,검사,치료,처방,재택,치료,관리,검사,치료체계,전환,방안,마련,확진자,오미크론,고위험군,광주,선별진료소,정은경,코로나19,우세종,만큼,접촉자,진료소,방대본,보건소,시민들",5,0.9536391836520935
2022-02-07,"유은혜 “신학기엔 확진자 비율로 학교가 ‘등교’ 결정, 유 초1~2는 매일등교”(종합)","유은혜,확진자,비율,학교,등교,결정,초1,종합,3%,학내,재학,확진,비율,확진,15%,격리,학생,15%,기준,토대,학교,등교수업,유형,자율적,결정,학교,확진자,양상,학년별,등교,기준,적용,학교,확진자,발생,자체적,신속항원검사,PCR검사,밀접,접촉자,검사,관리,유치원,초1,등교,원칙,교육부,7일,오미크론,대응,학년도,중등,특수학교,대학,방역,학사,운영,방안,교육부,오미크론,특성,조치,맞춤,학교,방역,강화,지역별,학교별,감염,현황,특성,대응,가능,방역,학사,운영,체계,전환,학사,운영,유형,정상,교육,활동,등교,교과활동,제한,밀집,조정,등교,원격,수업,전면,원격,수업,가지,구분,유형,운영,학교,기준,지표,학내,재학,신규,확진,비율,등교중지,학내,재학,등교,중지,확진,격리,비율,15%,토대,결정,3%,일률적,적용,학교별,학년,특성,반영,학교,자율적,가감,학교,원격수업,단위,일괄,원격,수업,기준,사전,전환,검토,교육부,강화,학교방역,대면수업,유지,권고,학교,자체,방역,체계,추가,마련,델타,대비,전파,2~3배,확진자,증가,오미크론,변이,특성,감안,교내,확진자,발생,방역,당국,제시,기준,학교,자체적,접촉자,분류,신속항원검사,PCR,검사,학생,본인,확진자,자가격리대상자,정상등교,접촉자,유증상자,위험,기저질환자,선별진료소,PCR,검사,음성,등교,가능,접촉자,무증상자,7일,3회,가정,신속항원검사,음성,등교,학생,교직원,20%,수준,신속항원검사키트,교육청,예산,교육,비치,활용,미접종자,초등학생,10%,추가,구비,교육부,기준,650만,신속항원검사키트,예산,교육청,자체,활용,시도교육청,이동,가능,진단검사실,현장,PCR,설치,학교,확진자,발생,신속,방문,검사,추가,확산,차단,이동,검체,병행,운영,자가,진단앱,항목,동거,문항,재택,치료자,확인,추가,동거,밀접접촉자,확인,감염,여부,신속항원검사,2회,전제,등교,가능,등교,중지,기준,정비,학교,방역,인력,7만,배치,추진,KF80,권고,교육부,학사운영,원활,대체,인력,확보,중등,교과정원,3.5%,1만,투입,기간,교원,특수학교,한시,기간,1200명,대학,연계,예비,특수,교사,확보,원격,수업,병행,대비,공공학습관리시스템,LMS,서버,예상,동시,접속자,대비,30%,대촉,증설,스마트,기기,무상,대여,여유분,확보,학교별,업무연속성,계획,BCP,Continuity,Plan,수립,급증시,교직원,확진자,필수교육활동,지속,비상,대응,체계,마련,대학,학사,운영,전반,대면수업,지속,운영,방침,대면,활동,전공,실험,실습,실기,소규모수업,위주,대면,수업,시행,확대,교육,방역,여건상,실습,대면수업,수업,비대면수업,부분적,대면수업,가능,방식,검토,학기,수업방식,안내,학기,수업방식,변경,수강생,의견수렴,비대면수업,교수,학생들,피드백,주기적,시행,양질,원격수업,제공,대학,지자체,비상,계획,발동,권고,대학,확진자,1주,5%,발생,비상,계획,발동,1단계,사전,지정,필수,수업,비대면,전환,필수,인력,재택근무,권장,외부인,학교,출입,제한,확진자,비율,10%,비상,계획,발동,수업,비대면,전환,유은혜,부총리,교육부,장관,정상,등교,계획,학교,중심,현장,대응,체계,안착,오미크론,학생,확진,흐름,지속적,추진,신학기,오미크론,확산,중심,학교,현장,학사,대응,체계,비상계획,BCP,수립,학교,방역,검사,체계,마련,가지,집중,오미크론,변이,확산,청소년,확진자,증가,추세,10만,확진자,비중,14.6명,25.1%,40.0명,26.9%,10만,확진자,비중,7.7명,11.0%,39.2명,22.0%,확진자,오미크론,교육부,접촉자,학사운영,원격수업,대면수업,특수학교,비상계획,교육청,교직원,신속항원검사,신학기,유은혜",5,0.953437338724253
2022-07-20,요양병원 '대면 면회' 다시 중단  코로나 병상 1435개 확보 '행정명령',"면회,요양,병원,대면,중단,행정명령,코로나,병상,확보,행정,명령,하루,확진,대비,원스톱,진료,기관,확대,지정,임시,선별,검사소,추가,설치,치료제,명분,오미크론,오미크론,계통,변이,확산세,예상,진행,4000개,코로나19,전담,병상,추가,확보,요양병원,시설,대면,면회,중단,전국,임시선별검사소,70곳,코로나19,중앙,재난,안전,대책,본부,이기,제1총괄,조정관,보건복지부,제2차관,주재,서울청사,영상,회의실,중앙부처,광역,자치,단체,코로나19,대비,방역,의료,대응,추가,대책,현황,지자체,코로나19,조치사항,논의,결정,접종대상자,백신,접종,대상자,50대,확대,안정적,의료,대응,체계,구축,대비,방역,대응,방안,일주일,방역당국,20만,신규,확진자,하루,발생,대비,병상,재가동,계획,병상,추가,확보,선제적,병상,행정명령,발동,병상,가동,병상,단계적,재가동,요양병원,시설,정신병원,시설,종사자,대상,유전자증폭,유전자,증폭,PCR,검사,시행,허용,대면,면회,비접촉,면회,허용,외부,감염,요인,차단,감염,취약,시설,보호,운영,지자체,전담,대응,조직,현장,대응,강화,시설,입소자,확진,치료제,적극,투약,위중증화,방지,60세,고령층,고령,면역저,요양병원,시설,입소자,대상,패스트트랙,적용대상,기저질환자,정신병원,장애인시설,입소자,확대,진단,처방,입원,처리,하루,진행,코로나19,진단,검사,진료,처방,처리,원스톱,진료,기관,6500개,이달,1만,확대,지정,코로나19,치료제,34만,명분,내년,상반기,60만,명분,94만,명분,추가,물량,추가구매,조기,단축,일정,유행,상황,대비,계획,수도,55개,비수도,임시,선별,검사소,설치,운영,주말,검사,확대,국민들,검사,2.75,지속적,발생중,신규,변이,신속,변이,감시,기관,63곳,105곳,확대,변이,위험,면역학적,생물정보학적,추가,고도화,예정,관리,진단키트,수급,강화,스마트폰,애플리케이션,전국,편의점,현황,진단키트,보유,실시간,파악,신고,진단키트,판매업,한시적,면제,편의점,판매,허용,국민,참여,일상,방역,생활화,고위험군,불요불급,외출,만남,최소화,3밀,밀폐,밀집,밀접,시설,방문,실내취식,신체접촉,자제,방역수칙,제시,자발,거리,실천,여건,조성,공공기관,공공,분야,실내,마스크,상시,착용,재택근무,활성화,회의,활성,불요불급,자제,모임,행사,회식,자제,방역지침,솔선,시행,민간,유급휴가,재택근무,원격,수업,활용,직장,학교,학원,제도,정착,협력,강화,계획,기준,코로나19,신규,확진자,7만,일주일,13일,4만,1.90배,2주,6일,1만,3.95배,증가,코로나19,진단키트,치료제,1만,임시선별검사소,요양병원,지자체,일주일,확진자,재택근무,불요불급,편의점,원스톱,오미크론,검사소,재가동,입소자",5,0.9529762136452579
2022-02-07,새학기엔 확진자 3% 등교중지 15% 미만 학교만 정상등교(종합),"학기,등교중지,학교,확진자,등교,중지,15%,미만,정상등교,종합,교육부,학사,운영,방안,학사,운영,구분,확진자,기준,적용,정상등교,전체등교,활동제한,일부등교,전면원격,원칙,유은혜,정상,등교,등교,규모,속단,학교,정상등교,수도,학교,정상,등교,학교,조사,7일,접촉자,분류,신속,항원,검사,학기,등교,원격수업,기준,범위,학교,확진자,비율,재학생,3%,확진,격리자,15%,전면등교,학교,확진자,학교장,접촉자,분류,접촉자,PCR,신속항원검사,교육부,오미크론,대응,학년도,중등,특수학교,대학,방역,학사운영방안,일률적,교육부,학교,밀집,기준,방식,학교별,여건,대응,방식,학사운영방식,4가지,구분,코로나19,정상교육활동,전체등교,교과활동,제한,밀집,조정,등교,수업,전면원격수업,유형,운영,학교,유은혜,부총리,교육부,장관,개학,확진,격리,학생들,제외,등교,등교,규모,학사운영,속단,정상등교,가능,이야기,상황,2년,결손,회복,학교,정상적,교육활동,중요,확진자,비율,등교,기준,확진자,비율,일정,기준,정상,불가능,운영,유형,기준,가지,재학,신규,확진,비율,학내,재학,확진,격리자,비율,등교중지,15%,조건,충족,학교,자율적,2~4번,유형,선택,유치원,특수학교,소규모,농산어촌학교,등교,학사,운영,방안,구분,기준,등교중지,15%,확진자,등교,중지,15%,충족,코로나19,확진자,감안,학기,학교들,수도,대다수,학교,학사,운영,방안,적용,가능성,교육과정정책관,함영기,교육부,교육,정책관,학교,판단,가지,지표,확진율,3%,등교중지율,15%,교육활동,제한,유형,확진율,등교중지율,임계치,원격,등교,수업,유형,학교,원격,교육청,협의,전면,원격,수업,교육부,방역당국,교육청,협의,설명,일률적,적용,기준,토대,학교급별,학년별,학교규모별,교육,지원청,특성,반영,학교,자율적,가감,재학생,600명,학교,확진자,3%,20명,특정학년,학년,동아리활동,비교과활동,제한,확진자,3%,자가격리자,포함,100명,수업,제한,원칙,정상등교,기준,미달,학교,교육부,관계자,기준,종합적,학교,학년,기준,학급,원격,수업,여부,확진,밀접접촉,등교,중지,학생들,방안,학습,보호,마련,수업,제공,수업,실시간,송출,쌍방향,수업,확대,학교별,원격,수업,운영,계획,대체학습,원격수업,방안,특수학교,정상운영,등교,전면,원격,수업,돌입,제공,방과후학교,학사운영방식,연계,대면,오프라인,연계,방식,정상,운영,전면,원격,전환,온라인,운영,학교,확진자,자체검사,동거가족,재택치료,재택,치료,등교,불가,오미크론,확산,대비,체계,학교,방역,확진자,밀접접촉,기간,등교,중지,확진자,백신,접종,미접종자,격리,동거가족,재택치료중,치료,기간,등교,동거가족,밀접접촉자,당일,통보,6~7일차,신속항원검사,학교,확진자,발생,보건소,역학조사,학기,학교,자체,조사,접촉자,분류,유증상자,기저,질환자,학교장,의견서,선별진료소,PCR,검사,음성,등교,학교,자체,조사,분류,접촉자,무증상자,7일,가정,의료기관,선별진료소,음성,등교,가능,학기,등교,마스크,보건,KF80,착용,자가진단,동거,재택치료자,확인,기숙사,입소,대상,체육,특기,신속,항원,검사,급식실,지정좌석제,운영,교실,시차배식,체육관,학급,수업,사용,양치,시설,갯수,동시,교육부,학교,학생,교직원,20%,수준,교육청,예산,구입,비치,학생,교직원,20%,수준,물량,시도교육청,진단검사실,이동식,PCR,설치,이동검체팀,병행,운영,10곳,시도교육청,신청,상태,1만,기간,교원,명투입,학교별,비상,계획,수립,교육부,교직원,확진,대비,원활,학사운영,중등,교과정원,3.5%,기간,교원,투입,672명,특수학교,한시,기간,교원,1200명,대학,연계,예비,특수,교사,확보,원격수업,병행,학교,서버,만큼,공공,학습,관리,증설,예상,동시,접속자수,대비,30%,확보,전면,원격,수업,대비,학교,업무,연속,계획,BCP,수립,핵심,업무,업무별,자원,확보,방안,출근,교원,근무,방식,확진,대체방안,학급,교과,수업,교원,확진,대체,방안,포함,학교,업무,중단,비상계획,수립,감염,수준,원격,수업,기준,대처,유은혜,부총리,교육부,장관,오미크론,변이,특성,학교,방역,학사운영방안,고심,유관기관,협의,결과,교육부,중심,학교,현장,학사,대응,체계,비상계획,BCP,수립,학교,방역,검사,체계,마련,가지,집중,대책,마련,신속항원검사,검사,현장,이동,신속,PCR,방역물품,안정적,학교,감염위험,학사운영,현장,주도,방향,대응체계,전환,대학,대면,수업,원칙,전공,실험,실습,실기,소규모,수업,대면,학기,전공,실험,실습,실기,소규모,수업,대면수업,추진,수업,방역수칙,준수,조건,확대,대학들,교육,방역,여건상,대면수업,부분적,가능,방식,검토,실습,수업일,대면수업,수업,비대면수업,진행,방식,수업연한,실기,비중,전문대,자격증,취업,수업,실험,실습,수업,방안,대면,확대,모색,대학,비교,활동,방역,지침,준수,허용,교육부,신입,학교,적응,프로그램,수업,장기간,경험,학생,소통,졸업,예정자,대상,프로그램,대면,추진,권장,신입,프로그램,중대본,집합,모임,행사,방역지침,준수,대학,자가검사키트,선별,진료소,방문,선제,검사,권고,학생회,활동,현행,모임,기준,6인,인원,모임,허용,공적활동,전제,대학본부,단과대,보고,시행,학내,공간,기준,강의실,방역,관리,준수,운영,동아리,활동,대학,방역,수칙,준수,개최,프로그램,행사,동아리,참여,방식,운영,활동,개별,동아리,사적,모임,기준,6인,준수,오미크론,변이,대응,대학들,자가검사키트,방역물품,사전,구비,유증상자,발생,자체물량,대학,자체,물량,선별,진료소,방문,자가검사,자가검사키트,기숙사,예체능,실기,실습실,실험,실습실,배치,재학생,기숙사,입소,2일,음성확인서,신속항원검사,제출,대학들,확진자,급증,대비,계획,비상,대응,계획,업무,연속,BCP,수립,2월,학내,공유,비상상황,비상,상황,대면,진행,수업,전환,수업,사전,지정,출근,인력,사전,지정,범위,필수,근로자,비율,설정,교육부,확진자,원격수업,특수학교,접촉자,교육청,신속항원검사,재학생,오미크론,유은혜,정상등교,기숙사,선별진료소,학교별",5,0.9529493735002119
2022-07-07,"경기도, 코로나19 '원스톱(One-Stop) 진료기관' 지속 확보","경기도,코로나19,원스톱,One-Stop,진료기관,지속,확보,경기도청,광교,청사,전경,경기도,원스톱,코로나19,One-Stop,진료기관,지속,확보,코로나19,대비,코로나19,검사,진료,처방,일괄적,수행,원스톱,One-Stop,진료기관,지속,확보,감염병,취약,시설,현장,점검,강화,경기도,경기도,코로나19,신규확진자,미만,기록,증가세,거리,여름,휴가철,시작,코로나19,경기도,원스톱,진료,확보,감염병,취약,시설,관리,강화,코로나19,대비,방안,마련,진료기관,코로나19,원스톱,진료,기관,지속적,추가,확보,진료기관,코로나19,원스톱,진료,기관,진단검사,대면,진료,치료제,처방,일괄적,가능,원스톱,진료,기관,확진자,증가,일반의료체계,안정,치료,도내,호흡기,환자,진료,센터,과거,클리닉,호흡기,전담,지정의료기관,호흡기,진료,지정,의료,기관,외래진료센터,개소,원스톱,진료,기관,지정,호흡기,환자,진료,센터,현황,원스톱,진료,기관,네이버,포털,사이트,검색,코로나19,누리집,건강,보험,심사,평가원,누리집,확인,감염취약시설,방역관리,강화,현장,대응,감염,취약,시설,대응,계획,수립,11개,분야,추진,분야,전문교육,취약,시설,대응,체계,구성,집단,감염,예방,관리,강화,신속,대응,구축,전문,교육,관리,역량,강화,실천,분야,11개,규모,경기도,보건소,시설,전담팀,합동,전담,구성,발생,집단,확진자,발생,현장,대응,체계,강화,1명,의사,간호사,구성,69팀,기동,전담,운영,요양시설,현장,진료,확진자,중증화,사망,방지,이외,병상,요양,정신병원,설치,대상,감염,관리실,감염,관리,현장,점검,예방,접종,선제,검사,모니터링,요양,시설,비축,방역,물품,사전,대응,감염,취약,시설,관리자,종사자,교육,대상,감염,관리,현장,컨설팅,재유행,수준,위기,단계,3단계,보건,인력,행정,인력,동원,계획,준비,중앙방역대책본부,60세,확진자,비율,사망자,기준,평가,주간위험도,중간,신속,대응,체계,질병정책,대응,인력,질병,정책,보건의료,감염병관리지원단,2단계,보건건강국,대응,인력,보건,건강국,3단계,대응,인력,가동,신속,대응,체계,단계,전담,병상,확보,생활,치료,시설,지정,보건소,의료,기관,중심,3T,검사,Test,역학,추적,Trace,격리,치료,Treatment,장기적,분당서울대병원,예정,전문병원,수도,감염병,전문,병원,2027년,완공,감염병,의료,대응,인프라,지속적,확충,방침,올여름,코로나19,시점,예방접종,감염,획득,면역력,지속,기간,3~6개월,오미크론,감염,환자들,면역력,방역,조치,해제,여름,휴가철,중대본,100명,접종,완료자,26.8명,돌파감염,추정,재감염,비율,1.22%,2.96%,증가,스텔스오미크론,전파속도,35.1%,16.6%,전주,대비,16.6%,증가,24.1%,검출,위험성,전파,위험,상황,보건건강국장,류영철,경기도,보건,건강,국장,안정적,수준,유지,변이,검출률,면역력,약화,증가,여름철,활동량,재유행,예상,코로나19,만큼,대비,대응체계,정비,관리,강화,선제적,대응,경기도,지난달,원숭이,발생,감염증,환자,경기도,보건소,방역대책반,구성,경기도,시간,공동,대응,체계,유지,분당서울대병원,원숭이두창,전담,병원,지정,전담,병상,확보,운영,코로나19,경기도,감염병,원스톱,확진자,호흡기,대응체계,재유행,보건소,면역력,감염취약시설,누리집",5,0.9524342798424836
2022-03-03,개학일 학생 15만8천명 '등교중지' 확진교사 대체인력 지원,"15만,개학일,학생,등교중지,확진교사,대체,인력,개학일,2일,달천중학교,울산시,북구,교실,등교,학생들,전국,학교,학기,개학,전국,학생,84%,자가,진단,애플리케이션,진단,등교,조사,자가진단,파악,결과,등교,학생,15만,교육부,학기,학생,교사들,확진,상황,대비,퇴직교원,임용대기자,인력,활용,1학기,기간,교사,채용,절차,대책,마련,등교,중지,초등학생,중학교,자가,진단,참여율,90.5%,교육부,오미크론,대응,현황,학기,학교,방역,추진,개학일,전국,학생,586만,491만,자가진단,건강,상태,자가,진단,진단,참여,참여율,83.7%,교육부,방안,학기,학교,방역,학생,교직원,6천,검사,키트,무상,지급,등교,선제적,검사,권고,학생,등교,건강,상태,체크,자가진단,신속,항원,검사,결과,입력,개선,자가진단,등교,중지,안내,학생,15만,171명,학생,2.69%,2일,경기도,수원시,팔달구,매여울초등학교,신입,코로나19,자가,진단키트,안내,등교,중지,학생,자가진단,여부,코로나19,임상,증상,응답,본인,동거인,신속,항원,검사,결과,양성,본인,동거인,PCR,유전자증폭,대기,검사,결과,학교급별,중학교,자가,진단,참여율,90.5%,초등학교,86.8%,고등학교,84.2%,유치원,51.6%,진단,참여율,절반,정도,자가진단,안내,등교,중지,학생,초등학생,8만,818명,중학생,3만,488명,고등학생,2만,895명,유치원생,7천,차관,정종철,교육부,자가진단,참여,학기,적응,주간,자가진단,자가,진단,사용,이해,등교,준비,16%,인원,16%,담임교사,확인,자가진단,참여율,자가,진단,평균,수준,참여율,학생,학부모,자가,진단앱,참여,요청,강조,유치원생,자가,진단,참여율,부모님,학기,적응,기간,부모님,도움,참여율,점진적,학기,주인,전국,606만,항원,검사,키트,배부,4일,분량,1천,예정,2일,경기도,수원시,팔달구,매여울초등학교,신입,학교,부모,인사,물량,8일,교육청,교육지원청,배송,계획,교육부,현장,이동,PCR,검사소,22곳,검사소별,최소,이동,검체,운영,검사소,이동,PCR,검체팀,학교,방문,검체,운영,장소,학생,방문,형식,운영,차관,학생,교직원,다수,확진,동시,발생,대비,3팀,이동,검체,운영,검사소,이동,PCR,1시간,검사,결과,동시다발,확진자,발생,남짓,추산,설명,방역,취약,학교,급식,칸막이,지정좌석제,운영,창문,개방,기간제,교사,8천,채용,교사,7만,대체,인력풀,규모,마련,기준,인력,학교,방역,계획,7만,56명,87.1%,6만,549명,채용,계획,인원,94.5%,채용,예정,학교,전담,방역,인력,검사,학생,등교,발열,소독,취약,시설,외부인,관리,급식,생활,지도,역할,한국대학교육협의회,대교협,한국전문대학교육협의회,전문대협,협업,대학,전문대학,간호,보건계열,학생,방역,인력,방안,추진,교사,인력,충원,과밀학교,과밀학급,기간제,교사,8천,채용,배치,차관,정종철,교육부,세종시,세종청사,학기,오미크론,대응,조치,사항,계획,설명,업무,과다,보건교사,정원,1천,채용,학교,배치,보건,교사,업무,보건,교사,인력,1천,배치,비상시,대비,퇴직,교원,임용,대기자,인력풀,교사,대체,전국,규모,마련,계획,학교,교사,대체,인력,운영,인력,활용,1학기,기간제,교사,채용,절차,연령,제한,해제,긴급,교사,대체,인력,수요,대응,학교,현장,교직원,코로나19,확진,인력,불만,한국교원단체총연합회,교총,확진,교사,대체인력,원격,업무,수업,수행,지경,역학조사,신속항원검사,방역업무,지원인력,전담,체계,구축,촉구,차관,학교,업무,연속,계획,대체인력,가능,학교,대응,불가능,기간제,교사,인력,대체,인력,채용,시도교육청,교육전문직,지원청,소속,교육,전문직,수업,결손,대비,확진,자가격리,등교,학생,학습,보호,수업,실시간,쌍방향,원격,수업,콘텐츠,재택학습용,학습,제공,원격,수업,접속자,증가,대비,공공학습관리시스템,LMS,동시접속자,60만,195만,오미크론,확산,초등,교실,운영,1만,교실,28만,학생,참여,예정,교육부,11일,학기,적응,주간,웹페이지,특별,질의,응답,안내문,변경,방역,학사체계,홍보,교육부,학교,방역,학사,운영,시도교육청,교육지원청,구성,점검,학기,오미크론,대응,비상,지원단,가동,학교,자체,접촉자,조사,256개,1천,긴급대응팀,편성,학기,적응,주간,학사,운영,차관,오미크론,변이,정점,중순,가능,등교,학교,일상,원칙,정비,대비,자가진단,교육부,참여율,코로나19,오미크론,1천,기간제,검사소,검체팀,지원청,키트",5,0.9524183220555578
2022-07-14,"경기도, 코로나19 보건소 핫라인 가동 실시","경기도,코로나19,보건소,핫라인,가동,보건건강국장,류영철,경기도,보건,건강,국장,브리핑룸,광교,신청사,급증,코로나19,확진자,긴급,회견,진행,경기도,코로나19,보건소,핫라인,가동,코로나19,대비,요양병원,4174개소,도내,취약,시설,개소,보건소,핫라인,보건소,가동,현장,대면,진료,가능,69팀,의료,기관,기동,전담,운영,집단감염,관리체계,중증,방지,관리,체계,강화,보건건강국장,류영철,경기도,보건,건강,국장,도청,확진자,급증,긴급,회견,재유행,대비,방역,대응,일상,회복,유지,위중증,사망,피해,최소화,코로나19,대비,방역,의료,대응,방안,설명,도내,주간,7.3,7.9,신규,확진자,3만,6.12,1만,기록,증가,연속,전주,6.26,7.2,1만,사이,대비,2배,가량,증가,유행,코로나19,현실화,상황,경기도,방역,의료,대응,방안,시설,장비,인력,재정비,감염,취약,시설,관리,강화,예정,확보,도내,원스톱,진료,기관,개소,활용,일반,의료,체계,코로나19,확진자,진료,검사,치료제,처방,신속,가능,준비,과거,감염병,전담,병상,지정,일반,병상,전환,병상,병상,감염병,전담,생활,치료,센터,예비,시설,지정,증가,위중증,환자,대비,방침,평시,확산기,유행기,단계별,보건,인력,행정,인력,동원,계획,수립,효율적,대응,계획,감염취약시설,74개소,도내,취약,시설,개소,요양병원,300개소,장기,요양,기관,개소,정신,건강,증진,시설,개소,장애인,복지,시설,개소,시군,보건소,핫라인,가동,규모,보건소,시설,전담팀,합동,전담,구성,대응체계,집단,감염,발생,현장,대응,체계,강화,1명,의사,간호사,구성,기동전담반,의료,기관,69팀,운영,요양시설,현장,진료,확진자,중증화,사망,방지,계획,예방,감염,취약,시설,집단,감염,보호,마스크,장갑,방역,물품,교육,감염,취약,시설,대상,현장,컨설팅,방지,여름철,감염,확산,관광시설,종교시설,다중,이용,시설,현장,점검,수칙,여름휴가,방역,포털사이트,사회관계망서비스,SNS,홍보,예정,류영철,국장,대상,접종,50대,18세,기저질환자,기저,질환자,장애인,노숙,생활시설,확대,신규변,유행,백신,중증,사망,예방효과,유지,대상자들,접종,참여,당부,기준,경기,사망자,증가,전일,대비,6286명,기준,경기,확진자,전일,1만,대비,증가,506만,도민,누적,확진,36.4%,기준,도내,의료,기관,확보,병상,1974병상,315병상,사용,병상,가동,16%,코로나19,의료기관,코로나19,의료,기관,통합,호흡기,환자,진료,센터,도내,개소,운영,호흡기,환자,진료,센터,코로나19,검사,치료제,처방,진료,확진자,대면,가능,기관,원스톱,진료,1319개소,접종자,기준,99만,60세,고령층,고령,95만,코로나19,확진자,감염취약시설,의료기관,경기도,보건소,류영철,집단감염,재유행,1만,위중증",5,0.9519954377048072
2022-09-04,"'거리두기' 사라진 추석 연휴, '요양병원' 제외하곤 모두 일상회복","거리,추석,연휴,요양병원,제외,일상회복,생활방역,관리,집중,휴게소,버스,기차,취식,가능,해외,입국자,입국전,음성,확인서,동네,휴일,닷새,추석,연휴,가족,모임,방문,제한,고속도,휴게소,버스,기차,실내,취식,허용,코로나19,방역지침,코로나19,방역,지침,완화,시작,코로나19,사태,거리,방역,조치,적용,명절,증가세,신규,확진자,감소,전반적,방역,상황,안정적,판단,대면접촉,연휴,기간,대면,접촉,이동량,증가,유행,추가,확산,가능성,유행,재확산,규모,감염,통제,준수,생활,방역,수칙,강조,관리,집중,제2총괄,김성호,중대본,총괄,조정관,행정안전부,재난안전관리본부장,3년,추석,명절,안전,국민,고향,여행지,방문,소규모,마스크,착용,개인,방역,수칙,준수,당부,휴게소,PCR,무료,중앙,재난,안전,대책,본부,9일,12일,연휴,나흘간,전국,고속도로,이용,차량,통행료,면제,휴게소,버스,철도,대중교통,실내취식,허용,대중교통,좌석,좌석,운영,연휴,기간,경기,경남,고속도,전남,휴게소,임시선별검사소,추가,설치,유전자증폭,PCR,검사,무료,해외입국자,입국,검사,코로나19,의무,폐지,그동안,입국,사람,입국,48시간,시간,PCR,검사,24시간,전문가,속항원,검사,RAT,음성확인서,제출,입국,검사,입국,1일,PCR,검사,원스톱,진료,기관,운영,추석,연휴,전국적,603곳,코로나19,선별,진료소,운영,예정,선별진료소,고위험군,시설종사자,검사,무료,PCR,가능,연휴,기간,진료기관,코로나19,원스톱,진료,기관,전국,검사,처방,진료,원스톱,진료,기관,당번,약국,시군구별,1곳,지정,치료제,구입,방침,인료,인프라,부족,보건소,연휴,기간,한시적,치료제,처방,조제,일반,감기약,연휴,운영,약국,구매,안전상비약,감기약,해열진통제,시간,편의점,판매,재택치료,코로나19,확진자,의료,상담,의료상담센터,행정안내센터,148곳,연휴,기간,중단,운영,예정,확진자,재택치료,증상,악화,원스톱,진료,기관,보건소,의료상담센터,연락,입원,연계,응급,상황,발생,관내,응급의료기관,이송,소아,분만,투석,특수환자,시도별,연휴,병원,운영,현황,파악,대응,일반,진료,특수,환자,일반,병원,안내,중증,응급환자,지정,병원,병상,배정,계획,요양,시설,접촉,면회,고위험군,요양병원,시설,감염취약시설,연휴,기간,접촉,면회,면회,비접촉,방식,가능,검사,종사자,선제,현행,방역,수칙,연휴,기간,동일,유지,요양시설,지방자치단체,일반,의료,기관,연휴,비상,연락망,요양,시설,의료,공백,계획,전통시장,백화점,지자체,업계,합동,방역,점검,비상대응연락체계,운영,방역관리자,지정,방문객,종사자,방역수칙,상시,안내,외국인,집단,거주지,중점,점검,추석,연휴,기간,외국인,이동,모임,최소화,당부,12일,전국,출입국,외국인,관서,230여명,특별,현장,점검,홍보반,편성,거주지,외국인,집단,유흥,마사지,업소,607곳,중점,점검,방역,수칙,준수,다국어,안내문,제작,외국인,밀집,다중이용시설,전철역,기차역,버스터미널,공항,불법,체류,외국인,코로나19,검사,백신,접종,독려,통보,의무,면제,제도,외국인,커뮤니티,안내,계획,제도,적용,불법,체류,외국인,코로나19,검사,신상,정보,방역,목적,방역,이용,출입국,관서,통보,외국인,코로나19,휴게소,pcr,확진자,요양시설,고위험군,종사자,원스톱,방역수칙,해외입국자,생활방역",5,0.9518487781904441
2022-03-07,방역인력 279명 추가 PCR검사 상시 운영 학생안전 지킨다,"추가,방역,인력,PCR검사,상시,운영,학생안전,대구시교육청,박차,학기,방역,활동,유치원,대구,고등학교,특수학교,781개,98,개학,아이들,방학,친구,선생님,부모,입장,걱정,전파력,바이러스,코로나19,오미크론,대구,확진자,급증,맞벌이,부모,아이,형편,전면,등교,확진자,증가,원격수업,전환,걱정,상황,대구시교육청,학생,학습,보호,교육,결손,최소,최선,방안,학생,정상등교,방침,정상적,유지,방역,강은희,대구시,교육감,오미크론,확산,걱정,학생들,정서,안정,사회적,사회,능력,증진,교육력,향상,전인,성장,교육활동,학교,학생들,성장,안전,준비,정상,등교,유지,비상,대응,체계,마련,대구시교육청,전국,전면,등교,방역,교육,마리,토끼,평가,학생,등교,교실,친구들,수업,비상대응체계,구축,감염병,위기,상황,신속,체계적,대응,가능,핵심업무중심,비상대응체계,BCP-업무연속성,계획,안전,지속적,학사운영,대구시교육청,대구시교육청,일선,학교,학생,교직원,확진자,접촉자,급증,상황,원칙,업무,연속,계획,수립,학교,방역,체계,포함,발생,인력운영,교직원,공백,발생,인력,운영,연간,교육,운영,교과,교과,교육,활동,계획,포함,코로나19,확산,교사,교직원,결원,정상,등교,수업,가능,대비책,마련,현장,중심,대응,체계,운영,학생,접촉,학생,최소화,교원,부담,방역,업무,시간,운영,수업시간,5분,감축,운영,하교,조정,학교구성원,협의,탄력적,운영,2개,자가,진단키트,학생,교직원,1개,배부,교사,확진,학생,정상,등교,가능,비상,대응,체계,수립,학원,교습소,방역,강화,투입,방역,물품,교사,확진,밀접접촉,격리,대응,실시간,쌍방향,수업,방식,교사별,콘텐츠,과목,원격,수업,계획,제작,운영,교사,학교,상황,학생들,교실,수업,준비,별개,기초,학력,보장,초등학교,기초학력담당부장,신설,고교,340명,협력교사,현장,학습부진,심리,정서,학생,현장,밀착,지도,진행,대응,확진,학생,초등학교,연간,고교,15일,학부모,학생,요청,가정학습,활용,방지,학교,확산,급식방역,강화,전파력,오미크론,바이러스,교내,확진자,전파,학교,방역,강화,최소화,교내,확산,최소,발생,학교,확진자,발생,신속,학교,교육청,보건당국,공동,대응,학교,시설,방역,학생,검사,격리,치료,학생,피해,최소화,예정,대구시교육청,델타,대비,전파력,3배,확진자,급증,오미크론,특성,질병청,개편,오미크론,대응,체계,신속,항원,검사,방식,학교,확진자,발생,학교,실태,조사,접촉자,선정,신속항원검사,대구시교육청,학교,일시,관찰실,활용,별도,공간,설치,학교,자가,진단키트,검사,유치원생,지난달,유치원,1만,초등학교,학생,337명,선제,검사,자가,진단키트,1인,2개,배부,등교,고교,특수학생,28만,자가진단키트,배부,7일,학생,교직원,배부,계획,학교,확진자,발생,신속,검사,자가진단키트,학교,구성원,10%,수준,배부,학교,확진자,발생,신속,추가,감염,학교,수업,정상화,이달,이동,PCR,검사,운영,3개,구성,검사팀,이동,PCR,검사,6개,학교,설치,운영,자가,진단키트,검사,양성자,유증상자,기저,질환자,대상,신속,PCR검사,학생,학부모,PCR,검사,접근,예정,학교,방역,업무,학교,보건교사,보건시간강사,추가,배치,각급,학교,방역전담인력,증가,3천,예정,학교,상황,추가,증원,준비,안전,조성,급식,환경,56억,예산,투입,직영급식,학교,학교,급식,방역,인력,인원,배치,밀집,개선,교실배식,전환,병행,노후,식탁,가림막,교체,하교,학원,확진자,발생,대비,학원,개소,특별,방역,점검,진행,13억,예산,12월,학원,교습소,방역물품,계획,교육당국,방역,노력,개학,초기,학생,확진자,급증,등교,학생수,증가,전면,등교,가능,미지수,대구,교육청,개학,첫날,등교,학생,7천,기준,4일,9천,33%,증가,기간,대구,학생,확진자,751명,1천,114%,급증,대구시교육청,관계자,등교중지,학생,정도,원격수업,전환,기준,원칙,전면,등교,방침,수준,원격,수업,검토,단계,확진자,대구시교육청,오미크론,교직원,자가진단키트,최소화,정상등교,비상대응체계,대구,전파력,2개,진단키트",5,0.9514641937540165
